Workbook

Sheet Presupuesto
A2: PRESUPUESTO REFERENCIAL ACADÉMICO
A6: Partida | B6: Descripción | C6: Unidad | D6: Cantidad | E6: Precio unitario (S/) | F6: Parcial (S/)
A7: 01.01 | B7: Conductor AAAC 50 mm² | C7: m | D7: =Resumen!E27 -> 21131 | E7: 5.8 | F7: =ROUND(D7*E7,2) -> 122559.8
A8: 01.02 | B8: Poste CAC 13 m instalado | C8: ud | D8: =Resumen!E7 -> 72 | E8: 3800 | F8: =ROUND(D8*E8,2) -> 273600
A9: 01.03 | B9: Poste CAC 15 m instalado | C9: ud | D9: =Resumen!E8 -> 30 | E9: 4384.62 | F9: =ROUND(D9*E9,2) -> 131538.6
A10: 01.04 | B10: Poste CAC 17 m instalado | C10: ud | D10: =Resumen!E9 -> 9 | E10: 4969.23 | F10: =ROUND(D10*E10,2) -> 44723.07
A11: 02.01 | B11: Armado de suspensión | C11: jgo | D11: =Resumen!E12 -> 30 | E11: 1200 | F11: =ROUND(D11*E11,2) -> 36000
A12: 02.02 | B12: Armado de ángulo | C12: jgo | D12: =Resumen!E13 -> 41 | E12: 1800 | F12: =ROUND(D12*E12,2) -> 73800
A13: 02.03 | B13: Armado de anclaje y retención adicional | C13: jgo | D13: =SUM(Resumen!E14:E15) -> 38 | E13: 2800 | F13: =ROUND(D13*E13,2) -> 106400
A14: 02.04 | B14: Armado terminal | C14: jgo | D14: =Resumen!E16 -> 2 | E14: 2800 | F14: =ROUND(D14*E14,2) -> 5600
A15: 03.01 | B15: Retenida y anclaje por ramal | C15: ud | D15: =Resumen!E19 -> 160 | E15: 2600 | F15: =ROUND(D15*E15,2) -> 416000
A16: 03.02 | B16: Puesta a tierra de apoyo | C16: ud | D16: =Resumen!E10 -> 111 | E16: 1200 | F16: =ROUND(D16*E16,2) -> 133200
A17: 04.01 | B17: Transformador 250 kVA netos en sitio | C17: ud | D17: =Resumen!E20 -> 2 | E17: 105000 | F17: =ROUND(D17*E17,2) -> 210000
A18: 04.02 | B18: Celda de protección y maniobra | C18: ud | D18: =2 -> 2 | E18: 55000 | F18: =ROUND(D18*E18,2) -> 110000
A19: 04.03 | B19: Conjunto neutro artificial / NGR | C19: jgo | D19: =1 -> 1 | E19: 60000 | F19: =ROUND(D19*E19,2) -> 60000
A20: 04.04 | B20: Malla de tierra de subestación | C20: ud | D20: =2 -> 2 | E20: 25000 | F20: =ROUND(D20*E20,2) -> 50000
B22: COSTO DIRECTO | F22: =SUM(F7:F20) -> 1773421.5
B24: Logística y transporte | E24: 0.12 | F24: =ROUND(F22*E24,2) -> 212810.58
B25: Ingeniería y supervisión | E25: 0.08 | F25: =ROUND(F22*E25,2) -> 141873.72
B26: Contingencia académica | E26: 0.2 | F26: =ROUND(SUM(F22,F24:F25)*E26,2) -> 425621.15
B28: TOTAL REFERENCIAL | F28: =SUM(F22,F24:F26) -> 2553726.9
B31: Moneda: PEN. Precios estimados de octubre de 2026.
B32: No son cotizaciones. Total sin IGV desagregado.
B33: Poste instalado: incluye montaje y cimentación tipo.
B34: Precios 15/17 m: escalamiento por longitud respecto a 13 m.

Sheet Resumen
A2: METRADOS DE LA LÍNEA PRIMARIA
B3: Limbani – Huancasayani · Sistema aislado
A6: Ítem | B6: Descripción | C6: Unidad | D6: Desarrollo | E6: Cantidad
A7: 01.01 | B7: Poste CAC 13 m / 600 daN | C7: ud | D7: Conteo por altura | E7: =COUNTIFS(Postes!$E$7:$E$117,13) -> 72
A8: 01.02 | B8: Poste CAC 15 m / 600 daN | C8: ud | D8: Conteo por altura | E8: =COUNTIFS(Postes!$E$7:$E$117,15) -> 30
A9: 01.03 | B9: Poste CAC 17 m / 600 daN | C9: ud | D9: Conteo por altura | E9: =COUNTIFS(Postes!$E$7:$E$117,17) -> 9
B10: TOTAL DE POSTES | C10: ud | D10: 72 + 30 + 9 | E10: =SUM(E7:E9) -> 111
A12: 02.01 | B12: Armado de suspensión | C12: jgo | D12: Conteo por función | E12: =COUNTIFS(Postes!$I$7:$I$117,"SUSPENSION") -> 30
A13: 02.02 | B13: Armado de ángulo | C13: jgo | D13: Conteo por función | E13: =COUNTIFS(Postes!$I$7:$I$117,"ANGULO") -> 41
A14: 02.03 | B14: Armado de anclaje | C14: jgo | D14: Conteo por función | E14: =COUNTIFS(Postes!$I$7:$I$117,"ANCLAJE") -> 22
A15: 02.04 | B15: Retención adicional | C15: jgo | D15: Conteo por función | E15: =COUNTIFS(Postes!$I$7:$I$117,"ANCLAJE_PROPUESTO") -> 16
A16: 02.05 | B16: Armado terminal | C16: jgo | D16: Conteo por función | E16: =COUNTIFS(Postes!$I$7:$I$117,"TERMINAL") -> 2
B17: TOTAL DE ARMADOS | C17: jgo | D17: 30 + 41 + 22 + 16 + 2 | E17: =SUM(E12:E16) -> 111
A19: 03.01 | B19: Retenida y anclaje por ramal | C19: ud | D19: Suma de ramales retenidos | E19: =SUM(Postes!$J$7:$J$117) -> 160
A20: 03.02 | B20: Transformación de salida y llegada | C20: ud | D20: 1 de salida + 1 de llegada | E20: =1+1 -> 2
A22: 04.01 | B22: Longitud horizontal del eje | C22: m | D22: Suma de longitudes XY de los 110 vanos | E22: =SUM(Vanos!$D$7:$D$116) -> 6696.3687
A23: 04.02 | B23: Conductor por fase (EDS) | C23: m | D23: Suma de longitudes de catenaria | E23: =SUM(Vanos!$M$7:$M$116) -> 6758.1203
A24: 04.03 | B24: Terna tendida | C24: m | D24: 3 × longitud por fase | E24: =E23*Parametros!$E$5 -> 20274.361
A25: 04.04 | B25: Puentes y colas | C25: m | D25: 3 fases × (38 retenciones + 2 terminales) × 2 m | E25: =SUM(Postes!$M$7:$M$117) -> 240
A26: 04.05 | B26: Reserva adicional | C26: m | D26: Redondeo superior de 3% de tendido + puentes | E26: =ROUNDUP(SUM(E24:E25)*Parametros!$E$7,0) -> 616
B27: CONDUCTOR PARA SUMINISTRO | C27: m | D27: Redondeo superior de tendido + puentes + reserva | E27: =ROUNDUP(SUM(E24:E26),0) -> 21131
B30: Cantidades del corredor de gabinete EPSG:32719.
B31: Puentes por interrupción del conductor; retenidas se miden por separado.

Sheet Postes
A2: PLANILLA DE POSTES Y ARMADOS
A6: Poste | B6: Este (m) | C6: Norte (m) | D6: Cota DEM (m) | E6: Altura (m) | F6: Empotr. (m) | G6: Amarre (m) | H6: Ángulo (°) | I6: Función | J6: Ramales | K6: Postes (ud) | L6: Armados (jgo) | M6: Puentes (m) | N6: Armado M01 | O6: Puentes/colas (ud) | P6: Cable RI/ramal (m) | Q6: Cu PAT/apoyo (m) | R6: Fijaciones PAT (jgo) | S6: Tendido asignado (m)
A7: P001 | B7: 425715 | C7: 8436650 | D7: 3235.3252 | E7: 13 | F7: 1.9 | G7: 10.6 | H7: 0 | I7: TERMINAL | J7: =IF(I7="SUSPENSION",0,IF(I7="TERMINAL",1,2)) -> 1 | K7: =1 -> 1 | L7: =1 -> 1 | M7: =O7*Parametros!$E$6 -> 6 | N7: =IF(I7="SUSPENSION","CAC-S",IF(I7="ANGULO","CAC-A",IF(I7="TERMINAL","CAC-T",IF(OR(I7="ANCLAJE",I7="ANCLAJE_PROPUESTO"),"CAC-R","SIN-RECETA")))) -> CAC-T | O7: =IF(OR(I7="ANCLAJE",I7="ANCLAJE_PROPUESTO",I7="TERMINAL"),Parametros!$E$5,0) -> 3 | P7: =G7/SIN(RADIANS(Criterios_M01!$C$2))+Criterios_M01!$C$3 -> 17.990664 | Q7: =G7+Criterios_M01!$C$4 -> 13.6 | R7: =ROUNDUP(G7/Criterios_M01!$C$5,0)+1 -> 12 | S7: =(SUMIF(Vanos!$B$7:$B$116,A7,Vanos!$N$7:$N$116)+SUMIF(Vanos!$C$7:$C$116,A7,Vanos!$N$7:$N$116))/2 -> 73.910288
A8: P002 | B8: 425745.16 | C8: 8436613.8 | D8: 3249.6406 | E8: 13 | F8: 1.9 | G8: 10.6 | H8: 0 | I8: SUSPENSION | J8: =IF(I8="SUSPENSION",0,IF(I8="TERMINAL",1,2)) -> 0 | K8: =1 -> 1 | L8: =1 -> 1 | M8: =O8*Parametros!$E$6 -> 0 | N8: =IF(I8="SUSPENSION","CAC-S",IF(I8="ANGULO","CAC-A",IF(I8="TERMINAL","CAC-T",IF(OR(I8="ANCLAJE",I8="ANCLAJE_PROPUESTO"),"CAC-R","SIN-RECETA")))) -> CAC-S | O8: =IF(OR(I8="ANCLAJE",I8="ANCLAJE_PROPUESTO",I8="TERMINAL"),Parametros!$E$5,0) -> 0 | P8: =G8/SIN(RADIANS(Criterios_M01!$C$2))+Criterios_M01!$C$3 -> 17.990664 | Q8: =G8+Criterios_M01!$C$4 -> 13.6 | R8: =ROUNDUP(G8/Criterios_M01!$C$5,0)+1 -> 12 | S8: =(SUMIF(Vanos!$B$7:$B$116,A8,Vanos!$N$7:$N$116)+SUMIF(Vanos!$C$7:$C$116,A8,Vanos!$N$7:$N$116))/2 -> 147.37839
A9: P003 | B9: 425775.32 | C9: 8436577.5 | D9: 3261.1058 | E9: 15 | F9: 2.1 | G9: 12.4 | H9: 92.594134 | I9: ANCLAJE | J9: =IF(I9="SUSPENSION",0,IF(I9="TERMINAL",1,2)) -> 2 | K9: =1 -> 1 | L9: =1 -> 1 | M9: =O9*Parametros!$E$6 -> 6 | N9: =IF(I9="SUSPENSION","CAC-S",IF(I9="ANGULO","CAC-A",IF(I9="TERMINAL","CAC-T",IF(OR(I9="ANCLAJE",I9="ANCLAJE_PROPUESTO"),"CAC-R","SIN-RECETA")))) -> CAC-R | O9: =IF(OR(I9="ANCLAJE",I9="ANCLAJE_PROPUESTO",I9="TERMINAL"),Parametros!$E$5,0) -> 3 | P9: =G9/SIN(RADIANS(Criterios_M01!$C$2))+Criterios_M01!$C$3 -> 20.536248 | Q9: =G9+Criterios_M01!$C$4 -> 15.4 | R9: =ROUNDUP(G9/Criterios_M01!$C$5,0)+1 -> 14 | S9: =(SUMIF(Vanos!$B$7:$B$116,A9,Vanos!$N$7:$N$116)+SUMIF(Vanos!$C$7:$C$116,A9,Vanos!$N$7:$N$116))/2 -> 186.8248
A10: P004 | B10: 425715.11 | C10: 8436531.9 | D10: 3261.1198 | E10: 15 | F10: 2.1 | G10: 12.4 | H10: 0 | I10: SUSPENSION | J10: =IF(I10="SUSPENSION",0,IF(I10="TERMINAL",1,2)) -> 0 | K10: =1 -> 1 | L10: =1 -> 1 | M10: =O10*Parametros!$E$6 -> 0 | N10: =IF(I10="SUSPENSION","CAC-S",IF(I10="ANGULO","CAC-A",IF(I10="TERMINAL","CAC-T",IF(OR(I10="ANCLAJE",I10="ANCLAJE_PROPUESTO"),"CAC-R","SIN-RECETA")))) -> CAC-S | O10: =IF(OR(I10="ANCLAJE",I10="ANCLAJE_PROPUESTO",I10="TERMINAL"),Parametros!$E$5,0) -> 0 | P10: =G10/SIN(RADIANS(Criterios_M01!$C$2))+Criterios_M01!$C$3 -> 20.536248 | Q10: =G10+Criterios_M01!$C$4 -> 15.4 | R10: =ROUNDUP(G10/Criterios_M01!$C$5,0)+1 -> 14 | S10: =(SUMIF(Vanos!$B$7:$B$116,A10,Vanos!$N$7:$N$116)+SUMIF(Vanos!$C$7:$C$116,A10,Vanos!$N$7:$N$116))/2 -> 226.72305
A11: P005 | B11: 425654.89 | C11: 8436486.2 | D11: 3260.1333 | E11: 15 | F11: 2.1 | G11: 12.4 | H11: 14.059956 | I11: ANGULO | J11: =IF(I11="SUSPENSION",0,IF(I11="TERMINAL",1,2)) -> 2 | K11: =1 -> 1 | L11: =1 -> 1 | M11: =O11*Parametros!$E$6 -> 0 | N11: =IF(I11="SUSPENSION","CAC-S",IF(I11="ANGULO","CAC-A",IF(I11="TERMINAL","CAC-T",IF(OR(I11="ANCLAJE",I11="ANCLAJE_PROPUESTO"),"CAC-R","SIN-RECETA")))) -> CAC-A | O11: =IF(OR(I11="ANCLAJE",I11="ANCLAJE_PROPUESTO",I11="TERMINAL"),Parametros!$E$5,0) -> 0 | P11: =G11/SIN(RADIANS(Criterios_M01!$C$2))+Criterios_M01!$C$3 -> 20.536248 | Q11: =G11+Criterios_M01!$C$4 -> 15.4 | R11: =ROUNDUP(G11/Criterios_M01!$C$5,0)+1 -> 14 | S11: =(SUMIF(Vanos!$B$7:$B$116,A11,Vanos!$N$7:$N$116)+SUMIF(Vanos!$C$7:$C$116,A11,Vanos!$N$7:$N$116))/2 -> 220.48697
A12: P006 | B12: 425610.42 | C12: 8436430.8 | D12: 3265.7274 | E12: 17 | F12: 2.1 | G12: 14.2 | H12: 1.2074183e-06 | I12: SUSPENSION | J12: =IF(I12="SUSPENSION",0,IF(I12="TERMINAL",1,2)) -> 0 | K12: =1 -> 1 | L12: =1 -> 1 | M12: =O12*Parametros!$E$6 -> 0 | N12: =IF(I12="SUSPENSION","CAC-S",IF(I12="ANGULO","CAC-A",IF(I12="TERMINAL","CAC-T",IF(OR(I12="ANCLAJE",I12="ANCLAJE_PROPUESTO"),"CAC-R","SIN-RECETA")))) -> CAC-S | O12: =IF(OR(I12="ANCLAJE",I12="ANCLAJE_PROPUESTO",I12="TERMINAL"),Parametros!$E$5,0) -> 0 | P12: =G12/SIN(RADIANS(Criterios_M01!$C$2))+Criterios_M01!$C$3 -> 23.081833 | Q12: =G12+Criterios_M01!$C$4 -> 17.2 | R12: =ROUNDUP(G12/Criterios_M01!$C$5,0)+1 -> 16 | S12: =(SUMIF(Vanos!$B$7:$B$116,A12,Vanos!$N$7:$N$116)+SUMIF(Vanos!$C$7:$C$116,A12,Vanos!$N$7:$N$116))/2 -> 213.73641
A13: P007 | B13: 425565.95 | C13: 8436375.4 | D13: 3270.119 | E13: 15 | F13: 2.1 | G13: 12.4 | H13: 7.8217251 | I13: ANGULO | J13: =IF(I13="SUSPENSION",0,IF(I13="TERMINAL",1,2)) -> 2 | K13: =1 -> 1 | L13: =1 -> 1 | M13: =O13*Parametros!$E$6 -> 0 | N13: =IF(I13="SUSPENSION","CAC-S",IF(I13="ANGULO","CAC-A",IF(I13="TERMINAL","CAC-T",IF(OR(I13="ANCLAJE",I13="ANCLAJE_PROPUESTO"),"CAC-R","SIN-RECETA")))) -> CAC-A | O13: =IF(OR(I13="ANCLAJE",I13="ANCLAJE_PROPUESTO",I13="TERMINAL"),Parametros!$E$5,0) -> 0 | P13: =G13/SIN(RADIANS(Criterios_M01!$C$2))+Criterios_M01!$C$3 -> 20.536248 | Q13: =G13+Criterios_M01!$C$4 -> 15.4 | R13: =ROUNDUP(G13/Criterios_M01!$C$5,0)+1 -> 14 | S13: =(SUMIF(Vanos!$B$7:$B$116,A13,Vanos!$N$7:$N$116)+SUMIF(Vanos!$C$7:$C$116,A13,Vanos!$N$7:$N$116))/2 -> 192.9107
A14: P008 | B14: 425536.38 | C14: 8436326.1 | D14: 3270.414 | E14: 13 | F14: 1.9 | G14: 10.6 | H14: 13.486932 | I14: ANGULO | J14: =IF(I14="SUSPENSION",0,IF(I14="TERMINAL",1,2)) -> 2 | K14: =1 -> 1 | L14: =1 -> 1 | M14: =O14*Parametros!$E$6 -> 0 | N14: =IF(I14="SUSPENSION","CAC-S",IF(I14="ANGULO","CAC-A",IF(I14="TERMINAL","CAC-T",IF(OR(I14="ANCLAJE",I14="ANCLAJE_PROPUESTO"),"CAC-R","SIN-RECETA")))) -> CAC-A | O14: =IF(OR(I14="ANCLAJE",I14="ANCLAJE_PROPUESTO",I14="TERMINAL"),Parametros!$E$5,0) -> 0 | P14: =G14/SIN(RADIANS(Criterios_M01!$C$2))+Criterios_M01!$C$3 -> 17.990664 | Q14: =G14+Criterios_M01!$C$4 -> 13.6 | R14: =ROUNDUP(G14/Criterios_M01!$C$5,0)+1 -> 12 | S14: =(SUMIF(Vanos!$B$7:$B$116,A14,Vanos!$N$7:$N$116)+SUMIF(Vanos!$C$7:$C$116,A14,Vanos!$N$7:$N$116))/2 -> 191.51091
A15: P009 | B15: 425515.34 | C15: 8436259.2 | D15: 3272.268 | E15: 13 | F15: 1.9 | G15: 10.6 | H15: 0 | I15: ANCLAJE_PROPUESTO | J15: =IF(I15="SUSPENSION",0,IF(I15="TERMINAL",1,2)) -> 2 | K15: =1 -> 1 | L15: =1 -> 1 | M15: =O15*Parametros!$E$6 -> 6 | N15: =IF(I15="SUSPENSION","CAC-S",IF(I15="ANGULO","CAC-A",IF(I15="TERMINAL","CAC-T",IF(OR(I15="ANCLAJE",I15="ANCLAJE_PROPUESTO"),"CAC-R","SIN-RECETA")))) -> CAC-R | O15: =IF(OR(I15="ANCLAJE",I15="ANCLAJE_PROPUESTO",I15="TERMINAL"),Parametros!$E$5,0) -> 3 | P15: =G15/SIN(RADIANS(Criterios_M01!$C$2))+Criterios_M01!$C$3 -> 17.990664 | Q15: =G15+Criterios_M01!$C$4 -> 13.6 | R15: =ROUNDUP(G15/Criterios_M01!$C$5,0)+1 -> 12 | S15: =(SUMIF(Vanos!$B$7:$B$116,A15,Vanos!$N$7:$N$116)+SUMIF(Vanos!$C$7:$C$116,A15,Vanos!$N$7:$N$116))/2 -> 210.81796
A16: P010 | B16: 425494.31 | C16: 8436192.4 | D16: 3278.5608 | E16: 13 | F16: 1.9 | G16: 10.6 | H16: 21.802611 | I16: ANGULO | J16: =IF(I16="SUSPENSION",0,IF(I16="TERMINAL",1,2)) -> 2 | K16: =1 -> 1 | L16: =1 -> 1 | M16: =O16*Parametros!$E$6 -> 0 | N16: =IF(I16="SUSPENSION","CAC-S",IF(I16="ANGULO","CAC-A",IF(I16="TERMINAL","CAC-T",IF(OR(I16="ANCLAJE",I16="ANCLAJE_PROPUESTO"),"CAC-R","SIN-RECETA")))) -> CAC-A | O16: =IF(OR(I16="ANCLAJE",I16="ANCLAJE_PROPUESTO",I16="TERMINAL"),Parametros!$E$5,0) -> 0 | P16: =G16/SIN(RADIANS(Criterios_M01!$C$2))+Criterios_M01!$C$3 -> 17.990664 | Q16: =G16+Criterios_M01!$C$4 -> 13.6 | R16: =ROUNDUP(G16/Criterios_M01!$C$5,0)+1 -> 12 | S16: =(SUMIF(Vanos!$B$7:$B$116,A16,Vanos!$N$7:$N$116)+SUMIF(Vanos!$C$7:$C$116,A16,Vanos!$N$7:$N$116))/2 -> 182.54928
A17: P011 | B17: 425462.53 | C17: 8436153.5 | D17: 3289.0418 | E17: 13 | F17: 1.9 | G17: 10.6 | H17: 57.411798 | I17: ANCLAJE | J17: =IF(I17="SUSPENSION",0,IF(I17="TERMINAL",1,2)) -> 2 | K17: =1 -> 1 | L17: =1 -> 1 | M17: =O17*Parametros!$E$6 -> 6 | N17: =IF(I17="SUSPENSION","CAC-S",IF(I17="ANGULO","CAC-A",IF(I17="TERMINAL","CAC-T",IF(OR(I17="ANCLAJE",I17="ANCLAJE_PROPUESTO"),"CAC-R","SIN-RECETA")))) -> CAC-R | O17: =IF(OR(I17="ANCLAJE",I17="ANCLAJE_PROPUESTO",I17="TERMINAL"),Parametros!$E$5,0) -> 3 | P17: =G17/SIN(RADIANS(Criterios_M01!$C$2))+Criterios_M01!$C$3 -> 17.990664 | Q17: =G17+Criterios_M01!$C$4 -> 13.6 | R17: =ROUNDUP(G17/Criterios_M01!$C$5,0)+1 -> 12 | S17: =(SUMIF(Vanos!$B$7:$B$116,A17,Vanos!$N$7:$N$116)+SUMIF(Vanos!$C$7:$C$116,A17,Vanos!$N$7:$N$116))/2 -> 168.57767
A18: P012 | B18: 425481.52 | C18: 8436095.5 | D18: 3292.781 | E18: 13 | F18: 1.9 | G18: 10.6 | H18: 23.894066 | I18: ANGULO | J18: =IF(I18="SUSPENSION",0,IF(I18="TERMINAL",1,2)) -> 2 | K18: =1 -> 1 | L18: =1 -> 1 | M18: =O18*Parametros!$E$6 -> 0 | N18: =IF(I18="SUSPENSION","CAC-S",IF(I18="ANGULO","CAC-A",IF(I18="TERMINAL","CAC-T",IF(OR(I18="ANCLAJE",I18="ANCLAJE_PROPUESTO"),"CAC-R","SIN-RECETA")))) -> CAC-A | O18: =IF(OR(I18="ANCLAJE",I18="ANCLAJE_PROPUESTO",I18="TERMINAL"),Parametros!$E$5,0) -> 0 | P18: =G18/SIN(RADIANS(Criterios_M01!$C$2))+Criterios_M01!$C$3 -> 17.990664 | Q18: =G18+Criterios_M01!$C$4 -> 13.6 | R18: =ROUNDUP(G18/Criterios_M01!$C$5,0)+1 -> 12 | S18: =(SUMIF(Vanos!$B$7:$B$116,A18,Vanos!$N$7:$N$116)+SUMIF(Vanos!$C$7:$C$116,A18,Vanos!$N$7:$N$116))/2 -> 173.27006
... A117: P111 | B117: 423945.21 | C117: 8430951.9 | D117: 3760.8973 | E117: 13 | F117: 1.9 | G117: 10.6 | H117: 0 | I117: TERMINAL | J117: =IF(I117="SUSPENSION",0,IF(I117="TERMINAL",1,2)) -> 1 | K117: =1 -> 1 | L117: =1 -> 1 | M117: =O117*Parametros!$E$6 -> 6 | N117: =IF(I117="SUSPENSION","CAC-S",IF(I117="ANGULO","CAC-A",IF(I117="TERMINAL","CAC-T",IF(OR(I117="ANCLAJE",I117="ANCLAJE_PROPUESTO"),"CAC-R","SIN-RECETA")))) -> CAC-T | O117: =IF(OR(I117="ANCLAJE",I117="ANCLAJE_PROPUESTO",I117="TERMINAL"),Parametros!$E$5,0) -> 3 | P117: =G117/SIN(RADIANS(Criterios_M01!$C$2))+Criterios_M01!$C$3 -> 17.990664 | Q117: =G117+Criterios_M01!$C$4 -> 13.6 | R117: =ROUNDUP(G117/Criterios_M01!$C$5,0)+1 -> 12 | S117: =(SUMIF(Vanos!$B$7:$B$116,A117,Vanos!$N$7:$N$116)+SUMIF(Vanos!$C$7:$C$116,A117,Vanos!$N$7:$N$116))/2 -> 29.588787

Sheet Vanos
A2: LONGITUD DE CONDUCTOR POR CATENARIA EDS
A6: Vano | B6: Inicial | C6: Final | D6: L horiz. (m) | E6: Δz amarre (m) | F6: H EDS (N) | G6: q (N/m) | H6: a = H/q (m) | I6: u (–) | J6: x0 (m) | K6: u0 (–) | L6: u1 (–) | M6: Cable/fase (m) | N6: Terna (m)
A7: V001 | B7: P001 | C7: P002 | D7: =SQRT((INDEX(Postes!$B$7:$B$117,MATCH(C7,Postes!$A$7:$A$117,0))-INDEX(Postes!$B$7:$B$117,MATCH(B7,Postes!$A$7:$A$117,0)))^2+(INDEX(Postes!$C$7:$C$117,MATCH(C7,Postes!$A$7:$A$117,0))-INDEX(Postes!$C$7:$C$117,MATCH(B7,Postes!$A$7:$A$117,0)))^2) -> 47.146597 | E7: =INDEX(Postes!$D$7:$D$117,MATCH(C7,Postes!$A$7:$A$117,0))+INDEX(Postes!$G$7:$G$117,MATCH(C7,Postes!$A$7:$A$117,0))-INDEX(Postes!$D$7:$D$117,MATCH(B7,Postes!$A$7:$A$117,0))-INDEX(Postes!$G$7:$G$117,MATCH(B7,Postes!$A$7:$A$117,0)) -> 14.315387 | F7: =Parametros!$E$8*Parametros!$E$9 -> 2205 | G7: =Parametros!$E$10/1000*Parametros!$E$11 -> 1.3238977 | H7: =F7/G7 -> 1665.5365 | I7: =ASINH(E7/(2*H7*SINH(D7/(2*H7)))) -> 0.2991439 | J7: =D7/2-H7*I7 -> -474.66178 | K7: =-J7/H7 -> 0.28499032 | L7: =(D7-J7)/H7 -> 0.31329748 | M7: =H7*(SINH(L7)-SINH(K7)) -> 49.273525 | N7: =M7*Parametros!$E$5 -> 147.82058
A8: V002 | B8: P002 | C8: P003 | D8: =SQRT((INDEX(Postes!$B$7:$B$117,MATCH(C8,Postes!$A$7:$A$117,0))-INDEX(Postes!$B$7:$B$117,MATCH(B8,Postes!$A$7:$A$117,0)))^2+(INDEX(Postes!$C$7:$C$117,MATCH(C8,Postes!$A$7:$A$117,0))-INDEX(Postes!$C$7:$C$117,MATCH(B8,Postes!$A$7:$A$117,0)))^2) -> 47.146597 | E8: =INDEX(Postes!$D$7:$D$117,MATCH(C8,Postes!$A$7:$A$117,0))+INDEX(Postes!$G$7:$G$117,MATCH(C8,Postes!$A$7:$A$117,0))-INDEX(Postes!$D$7:$D$117,MATCH(B8,Postes!$A$7:$A$117,0))-INDEX(Postes!$G$7:$G$117,MATCH(B8,Postes!$A$7:$A$117,0)) -> 13.265247 | F8: =Parametros!$E$8*Parametros!$E$9 -> 2205 | G8: =Parametros!$E$10/1000*Parametros!$E$11 -> 1.3238977 | H8: =F8/G8 -> 1665.5365 | I8: =ASINH(E8/(2*H8*SINH(D8/(2*H8)))) -> 0.2777667 | J8: =D8/2-H8*I8 -> -439.05727 | K8: =-J8/H8 -> 0.26361312 | L8: =(D8-J8)/H8 -> 0.29192028 | M8: =H8*(SINH(L8)-SINH(K8)) -> 48.978738 | N8: =M8*Parametros!$E$5 -> 146.93621
A9: V003 | B9: P003 | C9: P004 | D9: =SQRT((INDEX(Postes!$B$7:$B$117,MATCH(C9,Postes!$A$7:$A$117,0))-INDEX(Postes!$B$7:$B$117,MATCH(B9,Postes!$A$7:$A$117,0)))^2+(INDEX(Postes!$C$7:$C$117,MATCH(C9,Postes!$A$7:$A$117,0))-INDEX(Postes!$C$7:$C$117,MATCH(B9,Postes!$A$7:$A$117,0)))^2) -> 75.564649 | E9: =INDEX(Postes!$D$7:$D$117,MATCH(C9,Postes!$A$7:$A$117,0))+INDEX(Postes!$G$7:$G$117,MATCH(C9,Postes!$A$7:$A$117,0))-INDEX(Postes!$D$7:$D$117,MATCH(B9,Postes!$A$7:$A$117,0))-INDEX(Postes!$G$7:$G$117,MATCH(B9,Postes!$A$7:$A$117,0)) -> 0.013907941 | F9: =Parametros!$E$8*Parametros!$E$9 -> 2205 | G9: =Parametros!$E$10/1000*Parametros!$E$11 -> 1.3238977 | H9: =F9/G9 -> 1665.5365 | I9: =ASINH(E9/(2*H9*SINH(D9/(2*H9)))) -> 0.00018403775 | J9: =D9/2-H9*I9 -> 37.475803 | K9: =-J9/H9 -> -0.02250074 | L9: =(D9-J9)/H9 -> 0.022868815 | M9: =H9*(SINH(L9)-SINH(K9)) -> 75.571131 | N9: =M9*Parametros!$E$5 -> 226.71339
A10: V004 | B10: P004 | C10: P005 | D10: =SQRT((INDEX(Postes!$B$7:$B$117,MATCH(C10,Postes!$A$7:$A$117,0))-INDEX(Postes!$B$7:$B$117,MATCH(B10,Postes!$A$7:$A$117,0)))^2+(INDEX(Postes!$C$7:$C$117,MATCH(C10,Postes!$A$7:$A$117,0))-INDEX(Postes!$C$7:$C$117,MATCH(B10,Postes!$A$7:$A$117,0)))^2) -> 75.564649 | E10: =INDEX(Postes!$D$7:$D$117,MATCH(C10,Postes!$A$7:$A$117,0))+INDEX(Postes!$G$7:$G$117,MATCH(C10,Postes!$A$7:$A$117,0))-INDEX(Postes!$D$7:$D$117,MATCH(B10,Postes!$A$7:$A$117,0))-INDEX(Postes!$G$7:$G$117,MATCH(B10,Postes!$A$7:$A$117,0)) -> -0.98642692 | F10: =Parametros!$E$8*Parametros!$E$9 -> 2205 | G10: =Parametros!$E$10/1000*Parametros!$E$11 -> 1.3238977 | H10: =F10/G10 -> 1665.5365 | I10: =ASINH(E10/(2*H10*SINH(D10/(2*H10)))) -> -0.013052589 | J10: =D10/2-H10*I10 -> 59.521888 | K10: =-J10/H10 -> -0.035737367 | L10: =(D10-J10)/H10 -> 0.0096321884 | M10: =H10*(SINH(L10)-SINH(K10)) -> 75.577568 | N10: =M10*Parametros!$E$5 -> 226.7327
A11: V005 | B11: P005 | C11: P006 | D11: =SQRT((INDEX(Postes!$B$7:$B$117,MATCH(C11,Postes!$A$7:$A$117,0))-INDEX(Postes!$B$7:$B$117,MATCH(B11,Postes!$A$7:$A$117,0)))^2+(INDEX(Postes!$C$7:$C$117,MATCH(C11,Postes!$A$7:$A$117,0))-INDEX(Postes!$C$7:$C$117,MATCH(B11,Postes!$A$7:$A$117,0)))^2) -> 71.024548 | E11: =INDEX(Postes!$D$7:$D$117,MATCH(C11,Postes!$A$7:$A$117,0))+INDEX(Postes!$G$7:$G$117,MATCH(C11,Postes!$A$7:$A$117,0))-INDEX(Postes!$D$7:$D$117,MATCH(B11,Postes!$A$7:$A$117,0))-INDEX(Postes!$G$7:$G$117,MATCH(B11,Postes!$A$7:$A$117,0)) -> 7.3940343 | F11: =Parametros!$E$8*Parametros!$E$9 -> 2205 | G11: =Parametros!$E$10/1000*Parametros!$E$11 -> 1.3238977 | H11: =F11/G11 -> 1665.5365 | I11: =ASINH(E11/(2*H11*SINH(D11/(2*H11)))) -> 0.10391035 | J11: =D11/2-H11*I11 -> -137.55421 | K11: =-J11/H11 -> 0.082588528 | L11: =(D11-J11)/H11 -> 0.12523217 | M11: =H11*(SINH(L11)-SINH(K11)) -> 71.413743 | N11: =M11*Parametros!$E$5 -> 214.24123
A12: V006 | B12: P006 | C12: P007 | D12: =SQRT((INDEX(Postes!$B$7:$B$117,MATCH(C12,Postes!$A$7:$A$117,0))-INDEX(Postes!$B$7:$B$117,MATCH(B12,Postes!$A$7:$A$117,0)))^2+(INDEX(Postes!$C$7:$C$117,MATCH(C12,Postes!$A$7:$A$117,0))-INDEX(Postes!$C$7:$C$117,MATCH(B12,Postes!$A$7:$A$117,0)))^2) -> 71.024549 | E12: =INDEX(Postes!$D$7:$D$117,MATCH(C12,Postes!$A$7:$A$117,0))+INDEX(Postes!$G$7:$G$117,MATCH(C12,Postes!$A$7:$A$117,0))-INDEX(Postes!$D$7:$D$117,MATCH(B12,Postes!$A$7:$A$117,0))-INDEX(Postes!$G$7:$G$117,MATCH(B12,Postes!$A$7:$A$117,0)) -> 2.5916616 | F12: =Parametros!$E$8*Parametros!$E$9 -> 2205 | G12: =Parametros!$E$10/1000*Parametros!$E$11 -> 1.3238977 | H12: =F12/G12 -> 1665.5365 | I12: =ASINH(E12/(2*H12*SINH(D12/(2*H12)))) -> 0.036478804 | J12: =D12/2-H12*I12 -> -25.244505 | K12: =-J12/H12 -> 0.015156981 | L12: =(D12-J12)/H12 -> 0.057800627 | M12: =H12*(SINH(L12)-SINH(K12)) -> 71.077195 | N12: =M12*Parametros!$E$5 -> 213.23159
A13: V007 | B13: P007 | C13: P008 | D13: =SQRT((INDEX(Postes!$B$7:$B$117,MATCH(C13,Postes!$A$7:$A$117,0))-INDEX(Postes!$B$7:$B$117,MATCH(B13,Postes!$A$7:$A$117,0)))^2+(INDEX(Postes!$C$7:$C$117,MATCH(C13,Postes!$A$7:$A$117,0))-INDEX(Postes!$C$7:$C$117,MATCH(B13,Postes!$A$7:$A$117,0)))^2) -> 57.507392 | E13: =INDEX(Postes!$D$7:$D$117,MATCH(C13,Postes!$A$7:$A$117,0))+INDEX(Postes!$G$7:$G$117,MATCH(C13,Postes!$A$7:$A$117,0))-INDEX(Postes!$D$7:$D$117,MATCH(B13,Postes!$A$7:$A$117,0))-INDEX(Postes!$G$7:$G$117,MATCH(B13,Postes!$A$7:$A$117,0)) -> -1.5050179 | F13: =Parametros!$E$8*Parametros!$E$9 -> 2205 | G13: =Parametros!$E$10/1000*Parametros!$E$11 -> 1.3238977 | H13: =F13/G13 -> 1665.5365 | I13: =ASINH(E13/(2*H13*SINH(D13/(2*H13)))) -> -0.026166574 | J13: =D13/2-H13*I13 -> 72.33508 | K13: =-J13/H13 -> -0.043430499 | L13: =(D13-J13)/H13 -> -0.0089026499 | M13: =H13*(SINH(L13)-SINH(K13)) -> 57.529938 | N13: =M13*Parametros!$E$5 -> 172.58981
A14: V008 | B14: P008 | C14: P009 | D14: =SQRT((INDEX(Postes!$B$7:$B$117,MATCH(C14,Postes!$A$7:$A$117,0))-INDEX(Postes!$B$7:$B$117,MATCH(B14,Postes!$A$7:$A$117,0)))^2+(INDEX(Postes!$C$7:$C$117,MATCH(C14,Postes!$A$7:$A$117,0))-INDEX(Postes!$C$7:$C$117,MATCH(B14,Postes!$A$7:$A$117,0)))^2) -> 70.11432 | E14: =INDEX(Postes!$D$7:$D$117,MATCH(C14,Postes!$A$7:$A$117,0))+INDEX(Postes!$G$7:$G$117,MATCH(C14,Postes!$A$7:$A$117,0))-INDEX(Postes!$D$7:$D$117,MATCH(B14,Postes!$A$7:$A$117,0))-INDEX(Postes!$G$7:$G$117,MATCH(B14,Postes!$A$7:$A$117,0)) -> 1.8540142 | F14: =Parametros!$E$8*Parametros!$E$9 -> 2205 | G14: =Parametros!$E$10/1000*Parametros!$E$11 -> 1.3238977 | H14: =F14/G14 -> 1665.5365 | I14: =ASINH(E14/(2*H14*SINH(D14/(2*H14)))) -> 0.0264377 | J14: =D14/2-H14*I14 -> -8.9757931 | K14: =-J14/H14 -> 0.0053891303 | L14: =(D14-J14)/H14 -> 0.047486269 | M14: =H14*(SINH(L14)-SINH(K14)) -> 70.144004 | N14: =M14*Parametros!$E$5 -> 210.43201
A15: V009 | B15: P009 | C15: P010 | D15: =SQRT((INDEX(Postes!$B$7:$B$117,MATCH(C15,Postes!$A$7:$A$117,0))-INDEX(Postes!$B$7:$B$117,MATCH(B15,Postes!$A$7:$A$117,0)))^2+(INDEX(Postes!$C$7:$C$117,MATCH(C15,Postes!$A$7:$A$117,0))-INDEX(Postes!$C$7:$C$117,MATCH(B15,Postes!$A$7:$A$117,0)))^2) -> 70.11432 | E15: =INDEX(Postes!$D$7:$D$117,MATCH(C15,Postes!$A$7:$A$117,0))+INDEX(Postes!$G$7:$G$117,MATCH(C15,Postes!$A$7:$A$117,0))-INDEX(Postes!$D$7:$D$117,MATCH(B15,Postes!$A$7:$A$117,0))-INDEX(Postes!$G$7:$G$117,MATCH(B15,Postes!$A$7:$A$117,0)) -> 6.2928294 | F15: =Parametros!$E$8*Parametros!$E$9 -> 2205 | G15: =Parametros!$E$10/1000*Parametros!$E$11 -> 1.3238977 | H15: =F15/G15 -> 1665.5365 | I15: =ASINH(E15/(2*H15*SINH(D15/(2*H15)))) -> 0.089624326 | J15: =D15/2-H15*I15 -> -114.21543 | K15: =-J15/H15 -> 0.068575757 | L15: =(D15-J15)/H15 -> 0.1106729 | M15: =H15*(SINH(L15)-SINH(K15)) -> 70.401304 | N15: =M15*Parametros!$E$5 -> 211.20391
A16: V010 | B16: P010 | C16: P011 | D16: =SQRT((INDEX(Postes!$B$7:$B$117,MATCH(C16,Postes!$A$7:$A$117,0))-INDEX(Postes!$B$7:$B$117,MATCH(B16,Postes!$A$7:$A$117,0)))^2+(INDEX(Postes!$C$7:$C$117,MATCH(C16,Postes!$A$7:$A$117,0))-INDEX(Postes!$C$7:$C$117,MATCH(B16,Postes!$A$7:$A$117,0)))^2) -> 50.214197 | E16: =INDEX(Postes!$D$7:$D$117,MATCH(C16,Postes!$A$7:$A$117,0))+INDEX(Postes!$G$7:$G$117,MATCH(C16,Postes!$A$7:$A$117,0))-INDEX(Postes!$D$7:$D$117,MATCH(B16,Postes!$A$7:$A$117,0))-INDEX(Postes!$G$7:$G$117,MATCH(B16,Postes!$A$7:$A$117,0)) -> 10.480952 | F16: =Parametros!$E$8*Parametros!$E$9 -> 2205 | G16: =Parametros!$E$10/1000*Parametros!$E$11 -> 1.3238977 | H16: =F16/G16 -> 1665.5365 | I16: =ASINH(E16/(2*H16*SINH(D16/(2*H16)))) -> 0.20723055 | J16: =D16/2-H16*I16 -> -320.04294 | K16: =-J16/H16 -> 0.19215606 | L16: =(D16-J16)/H16 -> 0.22230503 | M16: =H16*(SINH(L16)-SINH(K16)) -> 51.298215 | N16: =M16*Parametros!$E$5 -> 153.89465
A17: V011 | B17: P011 | C17: P012 | D17: =SQRT((INDEX(Postes!$B$7:$B$117,MATCH(C17,Postes!$A$7:$A$117,0))-INDEX(Postes!$B$7:$B$117,MATCH(B17,Postes!$A$7:$A$117,0)))^2+(INDEX(Postes!$C$7:$C$117,MATCH(C17,Postes!$A$7:$A$117,0))-INDEX(Postes!$C$7:$C$117,MATCH(B17,Postes!$A$7:$A$117,0)))^2) -> 60.968945 | E17: =INDEX(Postes!$D$7:$D$117,MATCH(C17,Postes!$A$7:$A$117,0))+INDEX(Postes!$G$7:$G$117,MATCH(C17,Postes!$A$7:$A$117,0))-INDEX(Postes!$D$7:$D$117,MATCH(B17,Postes!$A$7:$A$117,0))-INDEX(Postes!$G$7:$G$117,MATCH(B17,Postes!$A$7:$A$117,0)) -> 3.7392304 | F17: =Parametros!$E$8*Parametros!$E$9 -> 2205 | G17: =Parametros!$E$10/1000*Parametros!$E$11 -> 1.3238977 | H17: =F17/G17 -> 1665.5365 | I17: =ASINH(E17/(2*H17*SINH(D17/(2*H17)))) -> 0.061288282 | J17: =D17/2-H17*I17 -> -71.593396 | K17: =-J17/H17 -> 0.042985187 | L17: =(D17-J17)/H17 -> 0.079591377 | M17: =H17*(SINH(L17)-SINH(K17)) -> 61.086899 | N17: =M17*Parametros!$E$5 -> 183.2607
A18: V012 | B18: P012 | C18: P013 | D18: =SQRT((INDEX(Postes!$B$7:$B$117,MATCH(C18,Postes!$A$7:$A$117,0))-INDEX(Postes!$B$7:$B$117,MATCH(B18,Postes!$A$7:$A$117,0)))^2+(INDEX(Postes!$C$7:$C$117,MATCH(C18,Postes!$A$7:$A$117,0))-INDEX(Postes!$C$7:$C$117,MATCH(B18,Postes!$A$7:$A$117,0)))^2) -> 54.308189 | E18: =INDEX(Postes!$D$7:$D$117,MATCH(C18,Postes!$A$7:$A$117,0))+INDEX(Postes!$G$7:$G$117,MATCH(C18,Postes!$A$7:$A$117,0))-INDEX(Postes!$D$7:$D$117,MATCH(B18,Postes!$A$7:$A$117,0))-INDEX(Postes!$G$7:$G$117,MATCH(B18,Postes!$A$7:$A$117,0)) -> 3.5496813 | F18: =Parametros!$E$8*Parametros!$E$9 -> 2205 | G18: =Parametros!$E$10/1000*Parametros!$E$11 -> 1.3238977 | H18: =F18/G18 -> 1665.5365 | I18: =ASINH(E18/(2*H18*SINH(D18/(2*H18)))) -> 0.065312466 | J18: =D18/2-H18*I18 -> -81.626201 | K18: =-J18/H18 -> 0.049008954 | L18: =(D18-J18)/H18 -> 0.081615979 | M18: =H18*(SINH(L18)-SINH(K18)) -> 54.426473 | N18: =M18*Parametros!$E$5 -> 163.27942
... A116: V110 | B116: P110 | C116: P111 | D116: =SQRT((INDEX(Postes!$B$7:$B$117,MATCH(C116,Postes!$A$7:$A$117,0))-INDEX(Postes!$B$7:$B$117,MATCH(B116,Postes!$A$7:$A$117,0)))^2+(INDEX(Postes!$C$7:$C$117,MATCH(C116,Postes!$A$7:$A$117,0))-INDEX(Postes!$C$7:$C$117,MATCH(B116,Postes!$A$7:$A$117,0)))^2) -> 19.701947 | E116: =INDEX(Postes!$D$7:$D$117,MATCH(C116,Postes!$A$7:$A$117,0))+INDEX(Postes!$G$7:$G$117,MATCH(C116,Postes!$A$7:$A$117,0))-INDEX(Postes!$D$7:$D$117,MATCH(B116,Postes!$A$7:$A$117,0))-INDEX(Postes!$G$7:$G$117,MATCH(B116,Postes!$A$7:$A$117,0)) -> 0.96862762 | F116: =Parametros!$E$8*Parametros!$E$9 -> 2205 | G116: =Parametros!$E$10/1000*Parametros!$E$11 -> 1.3238977 | H116: =F116/G116 -> 1665.5365 | I116: =ASINH(E116/(2*H116*SINH(D116/(2*H116)))) -> 0.049143986 | J116: =D116/2-H116*I116 -> -72.000128 | K116: =-J116/H116 -> 0.043229391 | L116: =(D116-J116)/H116 -> 0.055058581 | M116: =H116*(SINH(L116)-SINH(K116)) -> 19.725858 | N116: =M116*Parametros!$E$5 -> 59.177573

Sheet Parametros
A2: PARÁMETROS DE DISEÑO | F2: Limbani – Huancasayani · 2026
A5: n | B5: Número de fases | C5: ud | E5: 3 | F5: Terna AAAC 50 mm²
A6: lp | B6: Longitud por puente y ramal | C6: m | E6: 2 | F6: Asignación geométrica académica por fase
A7: s | B7: Reserva de conductor | C7: % | E7: 0.03 | F7: Reserva adicional sobre tendido y puentes
A8: RTS | B8: Carga de rotura del conductor | C8: N | E8: 14700 | F8: Dato tipo AAAC del modelo de diseño
A9: fEDS | B9: Fracción de tracción inicial | C9: % | E9: 0.15 | F9: Estado EDS, 15 °C
A10: m | B10: Masa lineal | C10: kg/km | E10: 135 | F10: Dato tipo AAAC 6201-T81
A11: g | B11: Aceleración de gravedad | C11: m/s² | E11: 9.80665 | F11: Constante de cálculo
A12: W | B12: Carga transversal de poste | C12: daN | E12: 600 | F12: Capacidad tipo para verificación de flexión
A13: kr | B13: Relación rotura/trabajo | C13: - | E13: 2 | F13: Hipótesis resistente del estudio
A14: phi | B14: Factor de resistencia | C14: - | E14: 0.65 | F14: Hipótesis resistente del estudio
A15: e | B15: Punto de ensayo bajo cima | C15: m | E15: 0.15 | F15: Brazo de ensayo del poste tipo
A16: Tu | B16: Rotura mínima de retenida | C16: kN | E16: 60 | F16: Especificación de retenida de la línea
... A18: theta | B18: Ángulo vertical de retenida | C18: ° | E18: 45 | F18: Geometría ideal del cálculo

Sheet Criterios_M01
A1: Criterio M01 | B1: Unidad | C1: Valor | D1: Estado
A2: Ángulo ideal de retenida | B2: ° | C2: 45 | D2: Modelo ideal LP-R02
A3: Colas de cable por ramal | B3: m | C3: 3 | D3: Hipótesis académica explícita
A4: Conexión enterrada y colas PAT | B4: m | C4: 3 | D4: Hipótesis de metrado, sin Wenner
A5: Paso nominal de fijación PAT | B5: m | C5: 1 | D5: Hipótesis de montaje para metrado
