Workbook

Sheet Computadoras
A2: PCS. PORTÁTILES | F2: PCS DE ESCRITORIO
A4: Procesador | B4: Cantidad | C4: Carga (W/h) | D4: Carga Instalada W | F4: Procesador | G4: Cantidad | H4: Carga (W/h) | I4: Carga Instalada W | L4: cantidad PC | M4: carga W/h | N4: cantidad Impresoras | O4: carga W/h | P4: cantidad TV | Q4: carga W/h | T4: carga W/h | U4: Carga Instalada W
A5: Pentium | B5: 0 | C5: 300 | D5: =B5*C5 -> 0 | F5: Pentium | G5: 0 | H5: 300 | I5: =G5*H5 -> 0 | K5: zotano | L5: 35 | M5: 300 | N5: 5 | O5: 495 | P5: 1 | Q5: 180 | T5: 46 | U5: =T5*H5 -> 13800
A6: Pentium II | B6: 0 | C6: 300 | D6: =B6*C6 -> 0 | F6: Pentium II | G6: 0 | H6: 300 | I6: =G6*H6 -> 0 | K6: 1° nivel | T6: 83 | U6: =T6*H6 -> 24900
A7: Pentium III | B7: 0 | C7: 300 | D7: =B7*C7 -> 0 | F7: Pentium III | G7: 2 | H7: 300 | I7: =G7*H7 -> 600 | K7: 2° nivel | T7: 84 | U7: =T7*H7 -> 25200
A8: Pentium IV | B8: 0 | C8: 300 | D8: =B8*C8 -> 0 | F8: Pentium IV | G8: 19 | H8: 300 | I8: =G8*H8 -> 5700 | K8: 3° nivel | T8: 81 | U8: =T8*H8 -> 24300
A9: Celeron | B9: 0 | C9: 300 | D9: =B9*C9 -> 0 | F9: Celeron | G9: 6 | H9: 300 | I9: =G9*H9 -> 1800 | K9: 4° nivel | T9: 84 | U9: =T9*H9 -> 25200
A10: Pentium D | B10: 0 | C10: 300 | D10: =B10*C10 -> 0 | F10: Pentium D | G10: 7 | H10: 300 | I10: =G10*H10 -> 2100
A11: Dual Core | B11: 0 | C11: 300 | D11: =B11*C11 -> 0 | F11: Dual Core | G11: 2 | H11: 300 | I11: =G11*H11 -> 600
A12: Core 2 Duo | B12: 1 | C12: 300 | D12: =B12*C12 -> 300 | F12: Core 2 Duo | G12: 70 | H12: 300 | I12: =G12*H12 -> 21000
A13: Core 2 Quad | B13: 0 | C13: 300 | D13: =B13*C13 -> 0 | F13: Core 2 Quad | G13: 2 | H13: 300 | I13: =G13*H13 -> 600
A14: Core i3 | B14: 6 | C14: 300 | D14: =B14*C14 -> 1800 | F14: Core i3 | G14: 19 | H14: 300 | I14: =G14*H14 -> 5700
A15: Core i5 | B15: 3 | C15: 300 | D15: =B15*C15 -> 900 | F15: Core i5 | G15: 147 | H15: 300 | I15: =G15*H15 -> 44100
A16: Core i7 | B16: 22 | C16: 300 | D16: =B16*C16 -> 6600 | F16: Core i7 | G16: 37 | H16: 300 | I16: =G16*H16 -> 11100
A17: AMD | B17: 0 | C17: 300 | D17: =B17*C17 -> 0 | F17: AMD | G17: 65 | H17: 300 | I17: =G17*H17 -> 19500
A18: ATOM | B18: 0 | C18: 300 | D18: =B18*C18 -> 0 | F18: ATOM | G18: 2 | H18: 300 | I18: =G18*H18 -> 600
A19: TOTAL | B19: =SUM(B5:B18) -> 32 | C19: 300 | D19: =B19*C19 -> 9600 | F19: TOTAL | G19: =SUM(G5:G18) -> 378 | H19: 300 | I19: =G19*H19 -> 113400
F21: CARGA INSTALADA | G21: =D19+I19 -> 123000

Sheet CUADRO DE CARGAS
A1: CÁLCULO DE MÁXIMA DEMANDA
A2: ITEM | B2: DESCRIPCIÓN | C2: PORTENCIA | D2: CANTIDAD | E2: F.P. | F2: POTENCIA | G2: POTENCIA | H2: POTENCIA | I2: CORRIENTE | J2: FACTOR | K2: CORRIENTE | L2: CORRIENTE
C3: INSTALADA | F3: PARCIAL | G3: POR CIRCUITO | H3: TOTAL | I3: CALCULADA | J3: DISEÑO(FD) | K3: DISEÑO (Id) | L3: NOMINAL (In)
C4: (W) | D4: (UND) | F4: (W) | G4: (W) | H4: (W) | I4: (A) | J4: 0.8*P.T. | K4: 1.25xIn (A) | L4: (A)
A5: TG | B5: TABLERO GENERAL | H5: =H6+H16+H31+H40+H48+H56+H65+H67+H77+H87+H97+H106+H108+H111 -> 170829.92 | I5: =H5/(1.73*380*0.9) -> 288.72988 | J5: =0.8*H5 -> 136663.94 | K5: =1.25*L5 -> 324.82111 | L5: =H5/(1.73*380*1) -> 259.85689
A6: C-A | B6: SUB TABLERO GENERAL | H6: =SUM(H7:H15) -> 20273.92 | I6: =H6/(1.73*380*0.9) -> 34.266166 | J6: =0.6*H6 -> 12164.352 | K6: =1.25*L6 -> 38.549437 | L6: =H6/(1.73*380*1) -> 30.83955
A7: C-1 | B7: CIRCUITO DE BOMBA 1 | C7: =745.7 -> 745.7 | D7: 1 | E7: 0.8 | F7: =C7*D7*E7 -> 596.56 | G7: =F7 -> 596.56 | H7: =F7 -> 596.56 | I7: =G7/(220) -> 2.7116364 | J7: =0.8*H7 -> 477.248 | K7: =1.25*L7 -> 3.3895455 | L7: =H7/(1*220*1) -> 2.7116364
A8: C-2 | B8: CIRCUITO DE BOMBA 2 | C8: =745.7*1.5 -> 1118.55 | D8: 1 | E8: 0.8 | F8: =C8*D8*E8 -> 894.84 | G8: =F8 -> 894.84 | H8: =F8 -> 894.84 | I8: =G8/(220) -> 4.0674545 | J8: =0.8*H8 -> 715.872 | K8: =1.25*L8 -> 1.7014755 | L8: =H8/(1.73*380*1) -> 1.3611804
A9: C-3 | B9: CIRCUITO DE BOMBA 3 | C9: =745.7*1.5 -> 1118.55 | D9: 1 | E9: 0.8 | F9: =C9*D9*E9 -> 894.84 | G9: =F9 -> 894.84 | H9: =F9 -> 894.84 | I9: =G9/(220) -> 4.0674545 | J9: =0.8*H9 -> 715.872 | K9: =1.25*L9 -> 1.7014755 | L9: =H9/(1.73*380*1) -> 1.3611804
A10: C-4 | B10: CIRCUITO DE BOMBA 4 | C10: =745.7*1.5 -> 1118.55 | D10: 1 | E10: 0.8 | F10: =C10*D10*E10 -> 894.84 | G10: =F10 -> 894.84 | H10: =F10 -> 894.84 | I10: =G10/(220) -> 4.0674545 | J10: =0.8*H10 -> 715.872 | K10: =1.25*L10 -> 1.7014755 | L10: =H10/(1.73*380*1) -> 1.3611804
A11: C-5 | B11: CIRCUITO DE BOMBA 5 | C11: =745.7*1.5 -> 1118.55 | D11: 1 | E11: 0.8 | F11: =C11*D11*E11 -> 894.84 | G11: =F11 -> 894.84 | H11: =F11 -> 894.84 | I11: =G11/(220) -> 4.0674545 | J11: =0.8*H11 -> 715.872 | K11: =1.25*L11 -> 1.7014755 | L11: =H11/(1.73*380*1) -> 1.3611804
A12: C-6 | B12: CIRCUITO DE BOMBA 6 | C12: 18642.5 | D12: 1 | E12: 0.8 | F12: =C12*D12*E12 -> 14914 | G12: =F12 -> 14914 | H12: =F12 -> 14914 | I12: =G12/(220) -> 67.790909 | J12: =0.8*H12 -> 11931.2 | K12: =1.25*L12 -> 28.357925 | L12: =H12/(1.73*380*1) -> 22.68634
A13: C-7 | B13: CIRCUITO DE LUMINARIA EXTERIOR TIPO ISLA | C13: 32 | D13: 8 | E13: 1 | F13: =C13*D13*E13 -> 256 | G13: =F13 -> 256 | H13: =F13 -> 256 | I13: =G13/(220) -> 1.1636364 | J13: =1*H13 -> 256 | K13: =1.25*L13 -> 1.4545455 | L13: =H13/(1*220*1) -> 1.1636364
A14: C-8 | B14: CIRCUITO DE LUMINARIA EXTERIOR | C14: 16 | D14: 28 | E14: 1 | F14: =C14*D14*E14 -> 448 | G14: =F14 -> 448 | H14: =F14 -> 448 | I14: =G14/(220) -> 2.0363636 | J14: =1*H14 -> 448 | K14: =1.25*L14 -> 2.5454545 | L14: =H14/(1*220*1) -> 2.0363636
A15: C-9 | B15: CIRCUITO DE LUMINARIA EXTERIOR | C15: 16 | D15: 30 | E15: 1 | F15: =C15*D15*E15 -> 480 | G15: =F15 -> 480 | H15: =F15 -> 480 | I15: =G15/(220) -> 2.1818182 | J15: =1*H15 -> 480 | K15: =1.25*L15 -> 2.7272727 | L15: =H15/(1*220*1) -> 2.1818182
A16: C-1 | B16: TABLERO DE DISTRIBUCION 1 | H16: =SUM(H17:H30) -> 14779 | I16: =H16/(1.73*380*0.9) -> 24.978873 | J16: =0.8*H16 -> 11823.2 | K16: =1.25*L16 -> 28.101232 | L16: =H16/(1.73*380*1) -> 22.480986
A17: C-1 | B17: CIRCUITO TOMACORRIENTES | C17: 350 | D17: 9 | E17: 0.8 | F17: =C17*D17*E17 -> 2520 | G17: =F17 -> 2520 | H17: =F17 -> 2520 | I17: =G17/(220) -> 11.454545 | J17: =1*H17 -> 2520 | K17: =1.25*L17 -> 14.318182 | L17: =H17/(1*220*1) -> 11.454545
A18: C-2 | B18: CIRCUITO TOMACORRIENTES | C18: 350 | D18: 9 | E18: 0.8 | F18: =C18*D18*E18 -> 2520 | G18: =F18 -> 2520 | H18: =F18 -> 2520 | I18: =G18/(220) -> 11.454545 | J18: =1*H18 -> 2520 | K18: =1.25*L18 -> 14.318182 | L18: =H18/(1*220*1) -> 11.454545
A19: C-3 | B19: CIRCUITO TOMACORRIENTES | C19: 350 | D19: 9 | E19: 0.8 | F19: =C19*D19*E19 -> 2520 | G19: =F19 -> 2520 | H19: =F19 -> 2520 | I19: =G19/(220) -> 11.454545 | J19: =1*H19 -> 2520 | K19: =1.25*L19 -> 14.318182 | L19: =H19/(1*220*1) -> 11.454545
A20: C-4 | B20: CIRCUITO TOMACORRIENTES | C20: 350 | D20: 7 | E20: 0.8 | F20: =C20*D20*E20 -> 1960 | G20: =F20 -> 1960 | H20: =F20 -> 1960 | I20: =G20/(220) -> 8.9090909 | J20: =1*H20 -> 1960 | K20: =1.25*L20 -> 11.136364 | L20: =H20/(1*220*1) -> 8.9090909
A21: C-5 | B21: CIRCUITO TOMACORRIENTES Y FLUXOMETRO | C21: 50 | D21: 13 | E21: 0.8 | F21: =C21*D21*E21 -> 520 | G21: =F21 -> 520 | H21: =F21 -> 520 | I21: =G21/(220) -> 2.3636364 | J21: =1*H21 -> 520 | K21: =1.25*L21 -> 2.9545455 | L21: =H21/(1*220*1) -> 2.3636364
A22: C-6 | B22: CIRCUITO DE LUMINARIAS TIPO PANEL | C22: 42 | D22: 15 | E22: 1 | F22: =C22*D22*E22 -> 630 | G22: =F22 -> 630 | H22: =F22 -> 630 | I22: =G22/(220) -> 2.8636364 | J22: =1*H22 -> 630 | K22: =1.25*L22 -> 3.5795455 | L22: =H22/(1*220*1) -> 2.8636364
A23: C-7 | B23: CIRCUITO DE LUMINARIAS TIPO PANEL | C23: 47 | D23: 16 | E23: 1 | F23: =C23*D23*E23 -> 752 | G23: =F23 -> 752 | H23: =F23 -> 752 | I23: =G23/(220) -> 3.4181818 | J23: =1*H23 -> 752 | K23: =1.25*L23 -> 4.2727273 | L23: =H23/(1*220*1) -> 3.4181818
A24: C-8 | B24: CIRCUITO DE LUMINARIAS TIPO DOWNLIGHT, PANEL | C24: 21 | D24: 22 | E24: 1 | F24: =C24*D24*E24 -> 462 | G24: =F24 -> 462 | H24: =F24 -> 462 | I24: =G24/(220) -> 2.1 | J24: =1*H24 -> 462 | K24: =1.25*L24 -> 2.625 | L24: =H24/(1*220*1) -> 2.1
A25: C-9 | B25: CIRCUITO DE LUMINARIAS TIPO DOWNLIGHT | C25: 13 | D25: 12 | E25: 1 | F25: =C25*D25*E25 -> 156 | G25: =F25 -> 156 | H25: =F25 -> 156 | I25: =G25/(220) -> 0.70909091 | J25: =1*H25 -> 156 | K25: =1.25*L25 -> 0.88636364 | L25: =H25/(1*220*1) -> 0.70909091
A26: C-10 | B26: CIRCUITO DE LUMINARIAS | C26: 22.5 | D26: 22 | E26: 1 | F26: =C26*D26*E26 -> 495 | G26: =F26 -> 495 | H26: =F26 -> 495 | I26: =G26/(220) -> 2.25 | J26: =1*H26 -> 495 | K26: =1.25*L26 -> 2.8125 | L26: =H26/(1*220*1) -> 2.25
A27: C-11 | B27: CIRCUITO DE LUMINARIAS | C27: 22.5 | D27: 18 | E27: 1 | F27: =C27*D27*E27 -> 405 | G27: =F27 -> 405 | H27: =F27 -> 405 | I27: =G27/(220) -> 1.8409091 | J27: =1*H27 -> 405 | K27: =1.25*L27 -> 2.3011364 | L27: =H27/(1*220*1) -> 1.8409091
A28: C-12 | B28: CIRCUITO DE LUMINARIAS | C28: 42 | D28: 12 | E28: 1 | F28: =C28*D28*E28 -> 504 | G28: =F28 -> 504 | H28: =F28 -> 504 | I28: =G28/(220) -> 2.2909091 | J28: =1*H28 -> 504 | K28: =1.25*L28 -> 2.8636364 | L28: =H28/(1*220*1) -> 2.2909091
... A30: C-14 | B30: CIRCUITO DE LUMINARIAS | C30: 42 | D30: 15 | E30: 1 | F30: =C30*D30*E30 -> 630 | G30: =F30 -> 630 | H30: =F30 -> 630 | I30: =G30/(220) -> 2.8636364 | J30: =1*H30 -> 630 | K30: =1.25*L30 -> 3.5795455 | L30: =H30/(1*220*1) -> 2.8636364
A31: C-2 | B31: TABLERO DE DISTRIBUCION 2 | H31: =SUM(H32:H39) -> 17709 | I31: =H31/(1.73*380*0.9) -> 29.931041 | J31: =0.8*H31 -> 14167.2 | K31: =1.25*L31 -> 33.672422 | L31: =H31/(1.73*380*1) -> 26.937937
A32: C-1 | B32: CIRCUITO TOMACORRIENTES | C32: 350 | D32: 8 | E32: 0.8 | F32: =C32*D32*E32 -> 2240 | G32: =F32 -> 2240 | H32: =F32 -> 2240 | I32: =G32/(220) -> 10.181818 | J32: =1*H32 -> 2240 | K32: =1.25*L32 -> 12.727273 | L32: =H32/(1*220) -> 10.181818
A33: C-2 | B33: CIRCUITO TOMACORRIENTES | C33: 350 | D33: 10 | E33: 0.8 | F33: =C33*D33*E33 -> 2800 | G33: =F33 -> 2800 | H33: =F33 -> 2800 | I33: =G33/(220) -> 12.727273 | J33: =1*H33 -> 2800 | K33: =1.25*L33 -> 15.909091 | L33: =H33/(1*220) -> 12.727273
A34: C-3 | B34: CIRCUITO TOMACORRIENTES | C34: 350 | D34: 10 | E34: 0.8 | F34: =C34*D34*E34 -> 2800 | G34: =F34 -> 2800 | H34: =F34 -> 2800 | I34: =G34/(220) -> 12.727273 | J34: =1*H34 -> 2800 | K34: =1.25*L34 -> 15.909091 | L34: =H34/(1*220) -> 12.727273
A35: C-4 | B35: CIRCUITO TOMACORRIENTES | C35: 350 | D35: 12 | E35: 0.8 | F35: =C35*D35*E35 -> 3360 | G35: =F35 -> 3360 | H35: =F35 -> 3360 | I35: =G35/(220) -> 15.272727 | J35: =1*H35 -> 3360 | K35: =1.25*L35 -> 19.090909 | L35: =H35/(1*220) -> 15.272727
A36: C-5 | B36: CIRCUITO TOMACORRIENTES | C36: 350 | D36: 12 | E36: 0.8 | F36: =C36*D36*E36 -> 3360 | G36: =F36 -> 3360 | H36: =F36 -> 3360 | I36: =G36/(220) -> 15.272727 | J36: =1*H36 -> 3360 | K36: =1.25*L36 -> 19.090909 | L36: =H36/(1*220) -> 15.272727
A37: C-6 | B37: CIRCUITO DE LUMINARIAS TIPO PANEL | C37: 47 | D37: 21 | E37: 1 | F37: =C37*D37*E37 -> 987 | G37: =F37 -> 987 | H37: =F37 -> 987 | I37: =G37/(220) -> 4.4863636 | J37: =1*H37 -> 987 | K37: =1.25*L37 -> 5.6079545 | L37: =H37/(1*220) -> 4.4863636
A38: C-7 | B38: CIRCUITO DE LUMINARIAS SUSPENDIDO | C38: 47 | D38: 19 | E38: 1 | F38: =C38*D38*E38 -> 893 | G38: =F38 -> 893 | H38: =F38 -> 893 | I38: =G38/(220) -> 4.0590909 | J38: =1*H38 -> 893 | K38: =1.25*L38 -> 5.0738636 | L38: =H38/(1*220) -> 4.0590909
A39: C-8 | B39: CIRCUITO DE LUMINARIAS SUSPENDIDO | C39: 47 | D39: 27 | E39: 1 | F39: =C39*D39*E39 -> 1269 | G39: =F39 -> 1269 | H39: =F39 -> 1269 | I39: =G39/(220) -> 5.7681818 | J39: =1*H39 -> 1269 | K39: =1.25*L39 -> 7.2102273 | L39: =H39/(1*220) -> 5.7681818
A40: C-3 | B40: TABLERO DE DISTRIBUCION 3 | H40: =SUM(H41:H47) -> 10816 | I40: =H40/(1.73*380*0.9) -> 18.280769 | J40: =0.8*H40 -> 8652.8 | K40: =1.25*L40 -> 20.565866 | L40: =H40/(1.73*380*1) -> 16.452692
A41: C-1 | B41: CIRCUITO TOMACORRIENTES | C41: 350 | D41: 12 | E41: 0.8 | F41: =C41*D41*E41 -> 3360 | G41: =F41 -> 3360 | H41: =F41 -> 3360 | I41: =G41/(220) -> 15.272727 | J41: =1*H41 -> 3360 | K41: =1.25*L41 -> 19.090909 | L41: =H41/(1*220*1) -> 15.272727
A42: C-2 | B42: CIRCUITO TOMACORRIENTES | C42: 350 | D42: 11 | E42: 0.8 | F42: =C42*D42*E42 -> 3080 | G42: =F42 -> 3080 | H42: =F42 -> 3080 | I42: =G42/(220) -> 14 | J42: =1*H42 -> 3080 | K42: =1.25*L42 -> 17.5 | L42: =H42/(1*220*1) -> 14
A43: C-3 | B43: CIRCUITO TOMACORRIENTES | C43: 350 | D43: 6 | E43: 0.8 | F43: =C43*D43*E43 -> 1680 | G43: =F43 -> 1680 | H43: =F43 -> 1680 | I43: =G43/(220) -> 7.6363636 | J43: =1*H43 -> 1680 | K43: =1.25*L43 -> 9.5454545 | L43: =H43/(1*220*1) -> 7.6363636
A44: C-4 | B44: CIRCUITO DE LUMINARIAS TIPO DOWNLIGHT | C44: 13 | D44: 25 | E44: 1 | F44: =C44*D44*E44 -> 325 | G44: =F44 -> 325 | H44: =F44 -> 325 | I44: =G44/(220) -> 1.4772727 | J44: =1*H44 -> 325 | K44: =1.25*L44 -> 1.8465909 | L44: =H44/(1*220*1) -> 1.4772727
A45: C-5 | B45: CIRCUITO DE LUMINARIAS SUSPENDIDO | C45: 47 | D45: 26 | E45: 1 | F45: =C45*D45*E45 -> 1222 | G45: =F45 -> 1222 | H45: =F45 -> 1222 | I45: =G45/(220) -> 5.5545455 | J45: =1*H45 -> 1222 | K45: =1.25*L45 -> 6.9431818 | L45: =H45/(1*220*1) -> 5.5545455
A46: C-6 | B46: CIRCUITO DE LUMINARIAS SUSPENDIDO | C46: 22.5 | D46: 26 | E46: 1 | F46: =C46*D46*E46 -> 585 | G46: =F46 -> 585 | H46: =F46 -> 585 | I46: =G46/(220) -> 2.6590909 | J46: =1*H46 -> 585 | K46: =1.25*L46 -> 3.3238636 | L46: =H46/(1*220*1) -> 2.6590909
A47: C-7 | B47: CIRCUITO DE LUMINARIAS SUSPENDIDO | C47: 47 | D47: 12 | E47: 1 | F47: =C47*D47*E47 -> 564 | G47: =F47 -> 564 | H47: =F47 -> 564 | I47: =G47/(220) -> 2.5636364 | J47: =1*H47 -> 564 | K47: =1.25*L47 -> 3.2045455 | L47: =H47/(1*220*1) -> 2.5636364
A48: C-4 | B48: TABLERO DE DISTRIBUCION 4 | H48: =SUM(H49:H55) -> 12064 | I48: =H48/(1.73*380*0.9) -> 20.390089 | J48: =0.8*H48 -> 9651.2 | K48: =1.25*L48 -> 22.93885 | L48: =H48/(1.73*380*1) -> 18.35108
A49: C-1 | B49: CIRCUITO TOMACORRIENTES | C49: 350 | D49: 10 | E49: 0.8 | F49: =C49*D49*E49 -> 2800 | G49: =F49 -> 2800 | H49: =F49 -> 2800 | I49: =G49/(220) -> 12.727273 | J49: =1*H49 -> 2800 | K49: =1.25*L49 -> 15.909091 | L49: =H49/(1*220*1) -> 12.727273
A50: C-2 | B50: CIRCUITO TOMACORRIENTES | C50: 350 | D50: 11 | E50: 0.8 | F50: =C50*D50*E50 -> 3080 | G50: =F50 -> 3080 | H50: =F50 -> 3080 | I50: =G50/(220) -> 14 | J50: =1*H50 -> 3080 | K50: =1.25*L50 -> 17.5 | L50: =H50/(1*220*1) -> 14
A51: C-3 | B51: CIRCUITO TOMACORRIENTES | C51: 350 | D51: 10 | E51: 0.8 | F51: =C51*D51*E51 -> 2800 | G51: =F51 -> 2800 | H51: =F51 -> 2800 | I51: =G51/(220) -> 12.727273 | J51: =1*H51 -> 2800 | K51: =1.25*L51 -> 15.909091 | L51: =H51/(1*220*1) -> 12.727273
A52: C-4 | B52: CIRCUITO DE LUMINARIAS TIPO PANEL | C52: 47 | D52: 16 | E52: 1 | F52: =C52*D52*E52 -> 752 | G52: =F52 -> 752 | H52: =F52 -> 752 | I52: =G52/(220) -> 3.4181818 | J52: =1*H52 -> 752 | K52: =1.25*L52 -> 4.2727273 | L52: =H52/(1*220*1) -> 3.4181818
A53: C-5 | B53: CIRCUITO DE LUMINARIAS TIPO PANEL | C53: 47 | D53: 21 | E53: 1 | F53: =C53*D53*E53 -> 987 | G53: =F53 -> 987 | H53: =F53 -> 987 | I53: =G53/(220) -> 4.4863636 | J53: =1*H53 -> 987 | K53: =1.25*L53 -> 5.6079545 | L53: =H53/(1*220*1) -> 4.4863636
A54: C-6 | B54: CIRCUITO DE LUMINARIAS TIPO PANEL | C54: 47 | D54: 14 | E54: 1 | F54: =C54*D54*E54 -> 658 | G54: =F54 -> 658 | H54: =F54 -> 658 | I54: =G54/(220) -> 2.9909091 | J54: =1*H54 -> 658 | K54: =1.25*L54 -> 3.7386364 | L54: =H54/(1*220*1) -> 2.9909091
A55: C-7 | B55: CIRCUITO DE LUMINARIAS TIPO PANEL | C55: 47 | D55: 21 | E55: 1 | F55: =C55*D55*E55 -> 987 | G55: =F55 -> 987 | H55: =F55 -> 987 | I55: =G55/(220) -> 4.4863636 | J55: =1*H55 -> 987 | K55: =1.25*L55 -> 5.6079545 | L55: =H55/(1*220*1) -> 4.4863636
A56: C-5 | B56: TABLERO DE DISTRIBUCION 5 | H56: =SUM(H57:H64) -> 13351 | I56: =H56/(1.73*380*0.9) -> 22.565325 | J56: =0.8*H56 -> 10680.8 | K56: =1.25*L56 -> 25.38599 | L56: =H56/(1.73*380*1) -> 20.308792
A57: C-1 | B57: CIRCUITO TOMACORRIENTES | C57: 350 | D57: 11 | E57: 0.8 | F57: =C57*D57*E57 -> 3080 | G57: =F57 -> 3080 | H57: =F57 -> 3080 | I57: =G57/(220) -> 14 | J57: =1*H57 -> 3080 | K57: =1.25*L57 -> 17.5 | L57: =H57/(1*220*1) -> 14
A58: C-2 | B58: CIRCUITO TOMACORRIENTES | C58: 350 | D58: 12 | E58: 0.8 | F58: =C58*D58*E58 -> 3360 | G58: =F58 -> 3360 | H58: =F58 -> 3360 | I58: =G58/(220) -> 15.272727 | J58: =1*H58 -> 3360 | K58: =1.25*L58 -> 19.090909 | L58: =H58/(1*220*1) -> 15.272727
A59: C-3 | B59: CIRCUITO TOMACORRIENTES | C59: 350 | D59: 12 | E59: 0.8 | F59: =C59*D59*E59 -> 3360 | G59: =F59 -> 3360 | H59: =F59 -> 3360 | I59: =G59/(220) -> 15.272727 | J59: =1*H59 -> 3360 | K59: =1.25*L59 -> 19.090909 | L59: =H59/(1*220*1) -> 15.272727
A60: C-4 | B60: CIRCUITO DE LUMINARIAS TIPO PANEL | C60: 47 | D60: 20 | E60: 1 | F60: =C60*D60*E60 -> 940 | G60: =F60 -> 940 | H60: =F60 -> 940 | I60: =G60/(220) -> 4.2727273 | J60: =1*H60 -> 940 | K60: =1.25*L60 -> 5.3409091 | L60: =H60/(1*220*1) -> 4.2727273
A61: C-5 | B61: CIRCUITO DE LUMINARIAS TIPO DOWNLIGHT | C61: 13 | D61: 26 | E61: 1 | F61: =C61*D61*E61 -> 338 | G61: =F61 -> 338 | H61: =F61 -> 338 | I61: =G61/(220) -> 1.5363636 | J61: =1*H61 -> 338 | K61: =1.25*L61 -> 1.9204545 | L61: =H61/(1*220*1) -> 1.5363636
A62: C-6 | B62: CIRCUITO DE LUMINARIAS TIPO PANEL | C62: 47 | D62: 19 | E62: 1 | F62: =C62*D62*E62 -> 893 | G62: =F62 -> 893 | H62: =F62 -> 893 | I62: =G62/(220) -> 4.0590909 | J62: =1*H62 -> 893 | K62: =1.25*L62 -> 5.0738636 | L62: =H62/(1*220*1) -> 4.0590909
A63: C-7 | B63: CIRCUITO DE LUMINARIAS TIPO PANEL | C63: 47 | D63: 15 | E63: 1 | F63: =C63*D63*E63 -> 705 | G63: =F63 -> 705 | H63: =F63 -> 705 | I63: =G63/(220) -> 3.2045455 | J63: =1*H63 -> 705 | K63: =1.25*L63 -> 4.0056818 | L63: =H63/(1*220*1) -> 3.2045455
A64: C-8 | B64: CIRCUITO DE LUMINARIAS TIPO PANEL | C64: 22.5 | D64: 30 | E64: 1 | F64: =C64*D64*E64 -> 675 | G64: =F64 -> 675 | H64: =F64 -> 675 | I64: =G64/(220) -> 3.0681818 | J64: =1*H64 -> 675 | K64: =1.25*L64 -> 3.8352273 | L64: =H64/(1*220*1) -> 3.0681818
A65: C-6 | B65: TABLERO DE DISTRIBUCION 6 | H65: =H66 -> 7200 | I65: =H65/(1.73*380*0.9) -> 12.169151 | J65: =0.8*H65 -> 5760 | K65: =1.25*L65 -> 13.690295 | L65: =H65/(1.73*380*1) -> 10.952236
A66: C-1 | B66: CIRCUITO DE TOMACORRINTES | C66: 800 | D66: 9 | E66: 1 | F66: =C66*D66*E66 -> 7200 | G66: =F66 -> 7200 | H66: =F66 -> 7200 | I66: =G66/(220) -> 32.727273 | J66: =1*H66 -> 7200 | K66: =1.25*L66 -> 40.909091 | L66: =H66/(1*220*1) -> 32.727273
A67: C-7 | B67: TABLERO DE DISTRIBUCION 7 | H67: =SUM(H68:H76) -> 16642 | I67: =H67/(1.73*380*0.9) -> 28.127641 | J67: =0.8*H67 -> 13313.6 | K67: =1.25*L67 -> 31.643596 | L67: =H67/(1.73*380*1) -> 25.314877
A68: C-1 | B68: CIRCUITO TOMACORRIENTES | C68: 350 | D68: 8 | E68: 0.8 | F68: =C68*D68*E68 -> 2240 | G68: =F68 -> 2240 | H68: =F68 -> 2240 | I68: =G68/(220) -> 10.181818 | J68: =1*H68 -> 2240 | K68: =1.25*L68 -> 12.727273 | L68: =H68/(1*220*1) -> 10.181818
A69: C-2 | B69: CIRCUITO TOMACORRIENTES | C69: 350 | D69: 8 | E69: 0.8 | F69: =C69*D69*E69 -> 2240 | G69: =F69 -> 2240 | H69: =F69 -> 2240 | I69: =G69/(220) -> 10.181818 | J69: =1*H69 -> 2240 | K69: =1.25*L69 -> 12.727273 | L69: =H69/(1*220*1) -> 10.181818
A70: C-3 | B70: CIRCUITO TOMACORRIENTES | C70: 350 | D70: 12 | E70: 0.8 | F70: =C70*D70*E70 -> 3360 | G70: =F70 -> 3360 | H70: =F70 -> 3360 | I70: =G70/(220) -> 15.272727 | J70: =1*H70 -> 3360 | K70: =1.25*L70 -> 19.090909 | L70: =H70/(1*220*1) -> 15.272727
A71: C-4 | B71: CIRCUITO TOMACORRIENTES | C71: 350 | D71: 9 | E71: 0.8 | F71: =C71*D71*E71 -> 2520 | G71: =F71 -> 2520 | H71: =F71 -> 2520 | I71: =G71/(220) -> 11.454545 | J71: =1*H71 -> 2520 | K71: =1.25*L71 -> 14.318182 | L71: =H71/(1*220*1) -> 11.454545
A72: C-5 | B72: CIRCUITO TOMACORRIENTES | C72: 350 | D72: 8 | E72: 0.8 | F72: =C72*D72*E72 -> 2240 | G72: =F72 -> 2240 | H72: =F72 -> 2240 | I72: =G72/(220) -> 10.181818 | J72: =1*H72 -> 2240 | K72: =1.25*L72 -> 12.727273 | L72: =H72/(1*220*1) -> 10.181818
A73: C-6 | B73: CIRCUITO DE LUMINARIAS TIPO PANEL | C73: 47 | D73: 23 | E73: 1 | F73: =C73*D73*E73 -> 1081 | G73: =F73 -> 1081 | H73: =F73 -> 1081 | I73: =G73/(220) -> 4.9136364 | J73: =1*H73 -> 1081 | K73: =1.25*L73 -> 6.1420455 | L73: =H73/(1*220*1) -> 4.9136364
A74: C-7 | B74: CIRCUITO DE LUMINARIAS TIPO PANEL | C74: 47 | D74: 18 | E74: 1 | F74: =C74*D74*E74 -> 846 | G74: =F74 -> 846 | H74: =F74 -> 846 | I74: =G74/(220) -> 3.8454545 | J74: =1*H74 -> 846 | K74: =1.25*L74 -> 4.8068182 | L74: =H74/(1*220*1) -> 3.8454545
A75: C-8 | B75: CIRCUITO DE LUMINARIAS TIPO PANEL | C75: 47 | D75: 17 | E75: 1 | F75: =C75*D75*E75 -> 799 | G75: =F75 -> 799 | H75: =F75 -> 799 | I75: =G75/(220) -> 3.6318182 | J75: =1*H75 -> 799 | K75: =1.25*L75 -> 4.5397727 | L75: =H75/(1*220*1) -> 3.6318182
A76: C-9 | B76: CIRCUITO DE LUMINARIAS TIPO PANEL | C76: 47 | D76: 28 | E76: 1 | F76: =C76*D76*E76 -> 1316 | G76: =F76 -> 1316 | H76: =F76 -> 1316 | I76: =G76/(220) -> 5.9818182 | J76: =1*H76 -> 1316 | K76: =1.25*L76 -> 7.4772727 | L76: =H76/(1*220*1) -> 5.9818182
A77: C-8 | B77: TABLERO DE DISTRIBUCION 8 | H77: =SUM(H78:H86) -> 13093 | I77: =H77/(1.73*380*0.9) -> 22.129263 | J77: =0.8*H77 -> 10474.4 | K77: =1.25*L77 -> 24.895421 | L77: =H77/(1.73*380*1) -> 19.916337
A78: C-1 | B78: CIRCUITO TOMACORRIENTES | C78: 350 | D78: 4 | E78: 0.8 | F78: =C78*D78*E78 -> 1120 | G78: =F78 -> 1120 | H78: =F78 -> 1120 | I78: =G78/(220) -> 5.0909091 | J78: =1*H78 -> 1120 | K78: =1.25*L78 -> 6.3636364 | L78: =H78/(1*220*1) -> 5.0909091
A79: C-2 | B79: CIRCUITO TOMACORRIENTES | C79: 350 | D79: 11 | E79: 0.8 | F79: =C79*D79*E79 -> 3080 | G79: =F79 -> 3080 | H79: =F79 -> 3080 | I79: =G79/(220) -> 14 | J79: =1*H79 -> 3080 | K79: =1.25*L79 -> 17.5 | L79: =H79/(1*220*1) -> 14
A80: C-3 | B80: CIRCUITO TOMACORRIENTES | C80: 350 | D80: 8 | E80: 0.8 | F80: =C80*D80*E80 -> 2240 | G80: =F80 -> 2240 | H80: =F80 -> 2240 | I80: =G80/(220) -> 10.181818 | J80: =1*H80 -> 2240 | K80: =1.25*L80 -> 12.727273 | L80: =H80/(1*220*1) -> 10.181818
A81: C-4 | B81: CIRCUITO TOMACORRIENTES Y UPS | C81: 1500 | D81: 3 | E81: 0.8 | F81: =C81*D81*E81 -> 3600 | G81: =F81 -> 3600 | H81: =F81 -> 3600 | I81: =G81/(220) -> 16.363636 | J81: =1*H81 -> 3600 | K81: =1.25*L81 -> 20.454545 | L81: =H81/(1*220*1) -> 16.363636
A82: C-5 | B82: CIRCUITO DE LUMINARIAS TIPO PANEL | C82: 22.5 | D82: 30 | E82: 1 | F82: =C82*D82*E82 -> 675 | G82: =F82 -> 675 | H82: =F82 -> 675 | I82: =G82/(220) -> 3.0681818 | J82: =1*H82 -> 675 | K82: =1.25*L82 -> 3.8352273 | L82: =H82/(1*220*1) -> 3.0681818
A83: C-6 | B83: CIRCUITO DE LUMINARIAS TIPO PANEL | C83: 47 | D83: 14 | E83: 1 | F83: =C83*D83*E83 -> 658 | G83: =F83 -> 658 | H83: =F83 -> 658 | I83: =G83/(220) -> 2.9909091 | J83: =1*H83 -> 658 | K83: =1.25*L83 -> 3.7386364 | L83: =H83/(1*220*1) -> 2.9909091
A84: C-7 | B84: CIRCUITO DE LUMINARIAS TIPO DOWNLIGHT | C84: 13 | D84: 13 | E84: 1 | F84: =C84*D84*E84 -> 169 | G84: =F84 -> 169 | H84: =F84 -> 169 | I84: =G84/(220) -> 0.76818182 | J84: =1*H84 -> 169 | K84: =1.25*L84 -> 0.96022727 | L84: =H84/(1*220*1) -> 0.76818182
A85: C-8 | B85: CIRCUITO DE LUMINARIAS TIPO PANEL | C85: 47 | D85: 18 | E85: 1 | F85: =C85*D85*E85 -> 846 | G85: =F85 -> 846 | H85: =F85 -> 846 | I85: =G85/(220) -> 3.8454545 | J85: =1*H85 -> 846 | K85: =1.25*L85 -> 4.8068182 | L85: =H85/(1*220*1) -> 3.8454545
A86: C-9 | B86: CIRCUITO DE LUMINARIAS TIPO PANEL | C86: 47 | D86: 15 | E86: 1 | F86: =C86*D86*E86 -> 705 | G86: =F86 -> 705 | H86: =F86 -> 705 | I86: =G86/(220) -> 3.2045455 | J86: =1*H86 -> 705 | K86: =1.25*L86 -> 4.0056818 | L86: =H86/(1*220*1) -> 3.2045455
A87: C-9 | B87: TABLERO DE DISTRIBUCION 9 | H87: =SUM(H88:H96) -> 14861 | I87: =H87/(1.73*380*0.9) -> 25.117466 | J87: =0.8*H87 -> 11888.8 | K87: =1.25*L87 -> 28.257149 | L87: =H87/(1.73*380*1) -> 22.60572
A88: C-1 | B88: CIRCUITO TOMACORRIENTES | C88: 350 | D88: 10 | E88: 0.8 | F88: =C88*D88*E88 -> 2800 | G88: =F88 -> 2800 | H88: =F88 -> 2800 | I88: =G88/(220) -> 12.727273 | J88: =1*H88 -> 2800 | K88: =1.25*L88 -> 15.909091 | L88: =H88/(1*220*1) -> 12.727273
A89: C-2 | B89: CIRCUITO TOMACORRIENTES | C89: 350 | D89: 12 | E89: 0.8 | F89: =C89*D89*E89 -> 3360 | G89: =F89 -> 3360 | H89: =F89 -> 3360 | I89: =G89/(220) -> 15.272727 | J89: =1*H89 -> 3360 | K89: =1.25*L89 -> 19.090909 | L89: =H89/(1*220*1) -> 15.272727
A90: C-3 | B90: CIRCUITO TOMACORRIENTES | C90: 600 | D90: 3 | E90: 0.8 | F90: =C90*D90*E90 -> 1440 | G90: =F90 -> 1440 | H90: =F90 -> 1440 | I90: =G90/(220) -> 6.5454545 | J90: =1*H90 -> 1440 | K90: =1.25*L90 -> 8.1818182 | L90: =H90/(1*220*1) -> 6.5454545
A91: C-4 | B91: CIRCUITO TOMACORRIENTES | C91: 350 | D91: 12 | E91: 0.8 | F91: =C91*D91*E91 -> 3360 | G91: =F91 -> 3360 | H91: =F91 -> 3360 | I91: =G91/(220) -> 15.272727 | J91: =1*H91 -> 3360 | K91: =1.25*L91 -> 19.090909 | L91: =H91/(1*220*1) -> 15.272727
A92: C-5 | B92: CIRCUITO DE LUMINARIAS TIPO PANEL | C92: 47 | D92: 12 | E92: 1 | F92: =C92*D92*E92 -> 564 | G92: =F92 -> 564 | H92: =F92 -> 564 | I92: =G92/(220) -> 2.5636364 | J92: =1*H92 -> 564 | K92: =1.25*L92 -> 3.2045455 | L92: =H92/(1*220*1) -> 2.5636364
A93: C-6 | B93: CIRCUITO DE LUMINARIAS TIPO PANEL | C93: 47 | D93: 20 | E93: 1 | F93: =C93*D93*E93 -> 940 | G93: =F93 -> 940 | H93: =F93 -> 940 | I93: =G93/(220) -> 4.2727273 | J93: =1*H93 -> 940 | K93: =1.25*L93 -> 5.3409091 | L93: =H93/(1*220*1) -> 4.2727273
A94: C-7 | B94: CIRCUITO DE LUMINARIAS TIPO PANEL | C94: 47 | D94: 24 | E94: 1 | F94: =C94*D94*E94 -> 1128 | G94: =F94 -> 1128 | H94: =F94 -> 1128 | I94: =G94/(220) -> 5.1272727 | J94: =1*H94 -> 1128 | K94: =1.25*L94 -> 6.4090909 | L94: =H94/(1*220*1) -> 5.1272727
A95: C-8 | B95: CIRCUITO DE LUMINARIAS TIPO PANEL | C95: 47 | D95: 12 | E95: 1 | F95: =C95*D95*E95 -> 564 | G95: =F95 -> 564 | H95: =F95 -> 564 | I95: =G95/(220) -> 2.5636364 | J95: =1*H95 -> 564 | K95: =1.25*L95 -> 3.2045455 | L95: =H95/(1*220*1) -> 2.5636364
A96: C-9 | B96: CIRCUITO DE LUMINARIAS TIPO PANEL | C96: 47 | D96: 15 | E96: 1 | F96: =C96*D96*E96 -> 705 | G96: =F96 -> 705 | H96: =F96 -> 705 | I96: =G96/(220) -> 3.2045455 | J96: =1*H96 -> 705 | K96: =1.25*L96 -> 4.0056818 | L96: =H96/(1*220*1) -> 3.2045455
A97: C-10 | B97: TABLERO DE DISTRIBUCION 10 | H97: =SUM(H98:H105) -> 11585 | I97: =H97/(1.73*380*0.9) -> 19.580502 | J97: =0.8*H97 -> 9268 | K97: =1.25*L97 -> 22.028065 | L97: =H97/(1.73*380*1) -> 17.622452
A98: C-1 | B98: CIRCUITO TOMACORRIENTES | C98: 300 | D98: 11 | E98: 0.8 | F98: =C98*D98*E98 -> 2640 | G98: =F98 -> 2640 | H98: =F98 -> 2640 | I98: =G98/(220) -> 12 | J98: =1*H98 -> 2640 | K98: =1.25*L98 -> 15 | L98: =H98/(1*220*1) -> 12
A99: C-2 | B99: CIRCUITO TOMACORRIENTES | C99: 300 | D99: 12 | E99: 0.8 | F99: =C99*D99*E99 -> 2880 | G99: =F99 -> 2880 | H99: =F99 -> 2880 | I99: =G99/(220) -> 13.090909 | J99: =1*H99 -> 2880 | K99: =1.25*L99 -> 16.363636 | L99: =H99/(1*220*1) -> 13.090909
A100: C-3 | B100: CIRCUITO TOMACORRIENTES | C100: 300 | D100: 10 | E100: 0.8 | F100: =C100*D100*E100 -> 2400 | G100: =F100 -> 2400 | H100: =F100 -> 2400 | I100: =G100/(220) -> 10.909091 | J100: =1*H100 -> 2400 | K100: =1.25*L100 -> 13.636364 | L100: =H100/(1*220*1) -> 10.909091
A101: C-4 | B101: CIRCUITO TOMACORRIENTES | C101: 300 | D101: 4 | E101: 0.8 | F101: =C101*D101*E101 -> 960 | G101: =F101 -> 960 | H101: =F101 -> 960 | I101: =G101/(220) -> 4.3636364 | J101: =1*H101 -> 960 | K101: =1.25*L101 -> 5.4545455 | L101: =H101/(1*220*1) -> 4.3636364
...

Sheet CALCULO POR CIRCUITOS
A1: SUB TABLERO GENERAL
A2: CIRCUITO 1
A3: BOMBA PRMER NIVEL
A4: 1.- Cálculo por capacidad térmica
C5: donde:
C6: In: corriente nominal
C7: W:potencia instalada
C8: V: tension
C9: cos&: foctor de potencia
B11: In= | C11: ='CUADRO DE CARGAS'!L7 -> 2.7116364 | D11: Amp | E11: Buscar en la tabla
B12: Id= | C12: =1.25*C11 -> 3.3895455 | D12: Amp | E12: según tabla
B13: S= | C13: 6 | D13: mm2
A14: considerando: La longitud mas alejada
B15: L= | C15: 20 | D15: m
A16: 2.- calculo por caida de tension
A19: donde:
C20: Rho= resistividad del cobre | E20: 0.018
C21: R= | D21: =E20*C15/C13 -> 0.06
A23: Por lo tanto:
B25: =1*C12*D21 -> 0.20337273 | C25: menor a 5.5v | D25: si cumple
A27: CIRCUITO 2
A28: BOMBA SEGUNDO NIVEL
A29: 1.- Cálculo por capacidad térmica
C30: donde:
C31: In: corriente nominal
C32: W:potencia instalada
C33: V: tension
C34: cos&: foctor de potencia
B36: In= | C36: ='CUADRO DE CARGAS'!L8 -> 1.3611804 | D36: Amp | E36: Buscar en la tabla
B37: Id= | C37: =1.25*C36 -> 1.7014755 | D37: Amp | E37: según tabla
B38: S= | C38: 6 | D38: mm2
A39: considerando: La longitud mas alejada | C39: }
B40: L= | C40: 20 | D40: m
A41: 2.- calculo por caida de tension
A44: donde:
C45: Rho= resistividad del cobre | E45: 0.018
C46: R= | D46: =E45*C40/C38 -> 0.06
A48: Por lo tanto:
B50: =1.732*C37*D46*0.9 -> 0.1591356 | C50: menor a 5.5v | D50: si cumple
A52: CIRCUITO 3
A53: BOMBA TERCER NIVEL
A54: 1.- Cálculo por capacidad térmica
C55: donde:
C56: In: corriente nominal
C57: W:potencia instalada
C58: V: tension
C59: cos&: foctor de potencia
B61: In= | C61: ='CUADRO DE CARGAS'!L9 -> 1.3611804 | D61: Amp | E61: Buscar en la tabla
B62: Id= | C62: =1.25*C61 -> 1.7014755 | D62: Amp | E62: según tabla
B63: S= | C63: 6 | D63: mm2
A64: considerando: La longitud mas alejada
B65: L= | C65: 20 | D65: m
A66: 2.- calculo por caida de tension
A69: donde:
C70: Rho= resistividad del cobre | E70: 0.018
C71: R= | D71: =E70*C65/C63 -> 0.06
A73: Por lo tanto:
B75: =1.732*C62*D71*0.9 -> 0.1591356 | C75: menor a 5.5v | D75: si cumple
A77: CIRCUITO 4
A78: BOMBA CUARTO NIVEL
A79: 1.- Cálculo por capacidad térmica
C80: donde:
C81: In: corriente nominal
C82: W:potencia instalada
C83: V: tension
C84: cos&: foctor de potencia
B86: In= | C86: ='CUADRO DE CARGAS'!L10 -> 1.3611804 | D86: Amp | E86: Buscar en la tabla
B87: Id= | C87: =1.25*C86 -> 1.7014755 | D87: Amp | E87: según tabla
B88: S= | C88: 6 | D88: mm2
A89: considerando: La longitud mas alejada
B90: L= | C90: 20 | D90: m
A91: 2.- calculo por caida de tension
A94: donde:
C95: Rho= resistividad del cobre | E95: 0.018
C96: R= | D96: =E95*C90/C88 -> 0.06
A98: Por lo tanto:
B100: =1.732*C87*D96*0.9 -> 0.1591356 | C100: menor a 5.5v | D100: si cumple
A102: CIRCUITO 5
A103: BOMBA QUINTO NIVEL
A104: 1.- Cálculo por capacidad térmica
C105: donde:
C106: In: corriente nominal
C107: W:potencia instalada
C108: V: tension
C109: cos&: foctor de potencia
B111: In= | C111: ='CUADRO DE CARGAS'!L11 -> 1.3611804 | D111: Amp | E111: Buscar en la tabla
B112: Id= | C112: =1.25*C111 -> 1.7014755 | D112: Amp | E112: según tabla
B113: S= | C113: 6 | D113: mm2
A114: considerando: La longitud mas alejada
B115: L= | C115: 20 | D115: m
A116: 2.- calculo por caida de tension
A119: donde:
C120: Rho= resistividad del cobre | E120: 0.018
C121: R= | D121: =E120*C115/C113 -> 0.06
A123: Por lo tanto:
B125: =1.732*C112*D121*0.9 -> 0.1591356 | C125: menor a 5.5v | D125: si cumple
A127: CIRCUITO 6
A128: BOMBA PARA SISTEMA CONTRA INCENDIOS
A129: 1.- Cálculo por capacidad térmica
C130: donde:
...

Sheet CALCULOS  TAB. DIS.
A2: SUBTABLERO DE DISTRIBUCION A
A3: TABLERO DE DISTRIBUCION 1
A4: 1.- Cálculo por capacidad térmica
C5: donde:
C6: In: corriente nominal
C7: W:potencia instalada
C8: V: tension
C9: cos&: foctor de potencia
B11: In= | C11: ='CUADRO DE CARGAS'!L16 -> 22.480986 | D11: Amp | E11: Buscar en la tabla
B12: Id= | C12: =1.25*C11 -> 28.101232 | D12: Amp | E12: según tabla
B13: S= | C13: 10 | D13: mm2
A14: considerando: La longitud mas alejada
B15: L= | C15: 25 | D15: m
A16: 2.- calculo por caida de tension
A19: donde:
C20: Rho= resistividad del cobre | E20: 0.018
C21: R= | D21: =E20*C15/C13 -> 0.045
A23: Por lo tanto:
B25: =1.732*C12*D21*0.9 -> 1.971189 | C25: menor a 5.5v | D25: si cumple
A27: TABLERO DE DISTRIBUCION 2
A28: 1.- Cálculo por capacidad térmica
C29: donde:
C30: In: corriente nominal
C31: W:potencia instalada
C32: V: tension
C33: cos&: foctor de potencia
B35: In= | C35: ='CUADRO DE CARGAS'!L31 -> 26.937937 | D35: Amp | E35: Buscar en la tabla
B36: Id= | C36: =1.25*C35 -> 33.672422 | D36: Amp | E36: según tabla
B37: S= | C37: 10 | D37: mm2
A38: considerando: La longitud mas alejada
B39: L= | C39: 34.8 | D39: m
A40: 2.- calculo por caida de tension
A43: donde:
C44: Rho= resistividad del cobre | E44: 0.018
C45: R= | D45: =E44*C39/C37 -> 0.06264
A47: Por lo tanto:
B49: =1.732*C36*D45*0.9 -> 3.2878841 | C49: menor a 5.5v | D49: si cumple
A51: TABLERO DE DISTRIBUCION 3
A52: 1.- Cálculo por capacidad térmica
C53: donde:
C54: In: corriente nominal
C55: W:potencia instalada
C56: V: tension
C57: cos&: foctor de potencia
B59: In= | C59: ='CUADRO DE CARGAS'!L40 -> 16.452692 | D59: Amp | E59: Buscar en la tabla
B60: Id= | C60: =1.25*C59 -> 20.565866 | D60: Amp | E60: según tabla
B61: S= | C61: 10 | D61: mm2
A62: considerando: La longitud mas alejada
B63: L= | C63: 32.8 | D63: m
A64: 2.- calculo por caida de tension
A67: donde:
C68: Rho= resistividad del cobre | E68: 0.018
C69: R= | D69: =E68*C63/C61 -> 0.05904
A71: Por lo tanto:
B73: =1.732*C60*D69*0.9 -> 1.8927085 | C73: menor a 5.5v | D73: si cumple
A75: TABLERO DE DISTRIBUCION 4
A76: 1.- Cálculo por capacidad térmica
C77: donde:
C78: In: corriente nominal
C79: W:potencia instalada
C80: V: tension
C81: cos&: foctor de potencia
B83: In= | C83: ='CUADRO DE CARGAS'!L48 -> 18.35108 | D83: Amp | E83: Buscar en la tabla
B84: Id= | C84: =1.25*C83 -> 22.93885 | D84: Amp | E84: según tabla
B85: S= | C85: 10 | D85: mm2
A86: considerando: La longitud mas alejada
B87: L= | C87: 39.5 | D87: m
A88: 2.- calculo por caida de tension
A91: donde:
C92: Rho= resistividad del cobre | E92: 0.018
C93: R= | D93: =E92*C87/C85 -> 0.0711
A95: Por lo tanto:
B97: =1.732*C84*D93*0.9 -> 2.5423283 | C97: menor a 5.5v | D97: si cumple
A99: TABLERO DE DISTRIBUCION 5
A100: 1.- Cálculo por capacidad térmica
C101: donde:
C102: In: corriente nominal
C103: W:potencia instalada
C104: V: tension
C105: cos&: foctor de potencia
B107: In= | C107: ='CUADRO DE CARGAS'!L56 -> 20.308792 | D107: Amp | E107: Buscar en la tabla
B108: Id= | C108: =1.25*C107 -> 25.38599 | D108: Amp | E108: según tabla
B109: S= | C109: 10 | D109: mm2
A110: considerando: La longitud mas alejada
B111: L= | C111: 37.5 | D111: m
A112: 2.- calculo por caida de tension
A115: donde:
C116: Rho= resistividad del cobre | E116: 0.018
C117: R= | D117: =E116*C111/C109 -> 0.0675
A119: Por lo tanto:
B121: =1.732*C108*D117*0.9 -> 2.6710885 | C121: menor a 5.5v | D121: si cumple
A123: TABLERO DE DISTRIBUCION 6
A124: 1.- Cálculo por capacidad térmica
C125: donde:
C126: In: corriente nominal
C127: W:potencia instalada
C128: V: tension
C129: cos&: foctor de potencia
B131: In= | C131: ='CUADRO DE CARGAS'!L65 -> 10.952236 | D131: Amp | E131: Buscar en la tabla
B132: Id= | C132: =1.25*C131 -> 13.690295 | D132: Amp | E132: según tabla
...

Sheet CALCULO TAB. GEN. Y SUB. TAB
A1: TABLERO GENERAL
A2: 1.- Cálculo por capacidad térmica
C3: donde:
C4: In: corriente nominal
C5: W:potencia instalada
C6: V: tension
C7: cos&: foctor de potencia
B9: In= | C9: ='CUADRO DE CARGAS'!L5 -> 259.85689 | D9: Amp | E9: Buscar en la tabla
B10: Id= | C10: =1.25*C9 -> 324.82111 | D10: Amp | E10: según tabla
B11: S= | C11: 95 | D11: mm2
A12: considerando: La longitud mas alejada
B13: L= | C13: 30 | D13: m
A14: 2.- calculo por caida de tension
A17: donde:
C18: Rho= resistividad del cobre | E18: 0.018
C19: R= | D19: =E18*C13/C11 -> 0.0056842105
A21: Por lo tanto:
B23: =1.732*C10*D19*0.9 -> 2.8780929 | C23: menor a 5.5v | D23: si cumple
A26: SUBTABLERO DE GENERAL A
A27: 1.- Cálculo por capacidad térmica
C28: donde:
C29: In: corriente nominal
C30: W:potencia instalada
C31: V: tension
C32: cos&: foctor de potencia
B34: In= | C34: ='CUADRO DE CARGAS'!L6 -> 30.83955 | D34: Amp | E34: Buscar en la tabla
B35: Id= | C35: =1.25*C34 -> 38.549437 | D35: Amp | E35: según tabla
B36: S= | C36: 10 | D36: mm2
A37: considerando: La longitud mas alejada
B38: L= | C38: 7 | D38: m
A39: 2.- calculo por caida de tension
A42: donde:
C43: Rho= resistividad del cobre | E43: 0.018
C44: R= | D44: =E43*C38/C36 -> 0.0126
A46: Por lo tanto:
B48: =1.732*C35*D44*0.9 -> 0.75714487 | C48: menor a 5.5v | D48: si cumple
